Run,Assay Type,AvgSpotLen,Bases,BioProject,BioSample,BioSampleModel,Bytes,Center Name,Collection_Date,Consent,DATASTORE filetype,DATASTORE provider,DATASTORE region,env_broad_scale,env_local_scale,env_medium,Experiment,geo_loc_name_country,geo_loc_name_country_continent,geo_loc_name,Host,Instrument,isol_growth_condt,isolate,lat_lon,Library Name,LibraryLayout,LibrarySelection,LibrarySource,liver_disord,Organism,Platform,primer (run),ReleaseDate,create_date,version,Sample Name,SRA Study,sra_title (run)
SRR13762675,AMPLICON,502,24571394,PRJNA698272,SAMN13895389,"MIMARKS.specimen,MIGS/MIMS/MIMARKS.human-gut",16749814,JCVI,2015-11,public,"fastq,run.zq,sra","gs,ncbi,s3","gs.us-east1,ncbi.public,s3.us-east-1",ENVO:01000248,ENVO:01000249,ENVO:00002003,SRX10149360,Germany,Europe,Germany: Cologne,Homo sapiens,Illumina MiSeq,https://www.thermofisher.com/content/dam/LifeTech/Documents/PDFs/Ion-16S-Metagenomics-Kit-Software-Application-Note.pdf,UKKMD152,50.92 N 6.92 E,UKKMD152its,PAIRED,RANDOM,GENOMIC,NAFLD,human gut metagenome,ILLUMINA,"AACTTTYRRCAAYGGATCWCT,GCCTCCGCTTATTGATATGCTTAART",2021-02-22T00:00:00Z,2021-02-22T12:13:00Z,1,16S amplicon-seq of NAFLD UKKMD152,SRP307508,Illumina MiSeq (V2 500 cycles) reads from sample UKKMD152 from a subject with non-alcoholic fatty liver disease
SRR13762676,AMPLICON,502,18185452,PRJNA698272,SAMN11554479,"MIMARKS.specimen,MIGS/MIMS/MIMARKS.human-gut",12411982,JCVI,2015-11,public,"fastq,run.zq,sra","gs,ncbi,s3","gs.us-east1,ncbi.public,s3.us-east-1",ENVO:01000248,ENVO:01000249,ENVO:00002003,SRX10149361,Germany,Europe,Germany: Cologne,Homo sapiens,Illumina MiSeq,https://www.thermofisher.com/content/dam/LifeTech/Documents/PDFs/Ion-16S-Metagenomics-Kit-Software-Application-Note.pdf,UKKMD104,50.92 N 6.92 E,UKKMD104its,PAIRED,RANDOM,GENOMIC,NAFLD,human gut metagenome,ILLUMINA,"AACTTTYRRCAAYGGATCWCT,GCCTCCGCTTATTGATATGCTTAART",2021-02-22T00:00:00Z,2021-02-22T12:13:00Z,1,UKKMD104,SRP307508,Illumina MiSeq (V2 500 cycles) reads from sample UKKMD104 from a subject with non-alcoholic fatty liver disease
SRR13762677,AMPLICON,502,13919456,PRJNA698272,SAMN13895358,"MIMARKS.specimen,MIGS/MIMS/MIMARKS.human-gut",9775405,JCVI,2015-11,public,"fastq,run.zq,sra","gs,ncbi,s3","gs.us-east1,ncbi.public,s3.us-east-1",ENVO:01000248,ENVO:01000249,ENVO:00002003,SRX10149362,Germany,Europe,Germany: Cologne,Homo sapiens,Illumina MiSeq,https://www.thermofisher.com/content/dam/LifeTech/Documents/PDFs/Ion-16S-Metagenomics-Kit-Software-Application-Note.pdf,UKKMD121,50.92 N 6.92 E,UKKMD121its,PAIRED,RANDOM,GENOMIC,NAFLD,human gut metagenome,ILLUMINA,"AACTTTYRRCAAYGGATCWCT,GCCTCCGCTTATTGATATGCTTAART",2021-02-22T00:00:00Z,2021-02-22T12:13:00Z,1,16S amplicon-seq of NAFLD UKKMD121,SRP307508,Illumina MiSeq (V2 500 cycles) reads from sample UKKMD121 from a subject with non-alcoholic fatty liver disease
SRR13762678,AMPLICON,502,14089132,PRJNA698272,SAMN11554386,"MIMARKS.specimen,MIGS/MIMS/MIMARKS.human-gut",9860756,JCVI,2017-05,public,"fastq,run.zq,sra","gs,ncbi,s3","gs.us-east1,ncbi.public,s3.us-east-1",ENVO:01000248,ENVO:01000249,ENVO:00002003,SRX10149363,Germany,Europe,Germany: Cologne,Homo sapiens,Illumina MiSeq,https://www.thermofisher.com/content/dam/LifeTech/Documents/PDFs/Ion-16S-Metagenomics-Kit-Software-Application-Note.pdf,UKKMD011,50.92 N 6.92 E,UKKMD011its,PAIRED,RANDOM,GENOMIC,healthy control,human gut metagenome,ILLUMINA,"AACTTTYRRCAAYGGATCWCT,GCCTCCGCTTATTGATATGCTTAART",2021-02-22T00:00:00Z,2021-02-22T12:13:00Z,1,UKKMD011,SRP307508,Illumina MiSeq (V2 500 cycles) reads from sample UKKMD011 from a non-alcoholic healthly liver control
SRR13762679,AMPLICON,502,26439838,PRJNA698272,SAMN11554431,"MIMARKS.specimen,MIGS/MIMS/MIMARKS.human-gut",17934319,JCVI,2015-11,public,"fastq,run.zq,sra","gs,ncbi,s3","gs.us-east1,ncbi.public,s3.us-east-1",ENVO:01000248,ENVO:01000249,ENVO:00002003,SRX10149364,Germany,Europe,Germany: Cologne,Homo sapiens,Illumina MiSeq,https://www.thermofisher.com/content/dam/LifeTech/Documents/PDFs/Ion-16S-Metagenomics-Kit-Software-Application-Note.pdf,UKKMD056,50.92 N 6.92 E,UKKMD056its,PAIRED,RANDOM,GENOMIC,NAFLD,human gut metagenome,ILLUMINA,"AACTTTYRRCAAYGGATCWCT,GCCTCCGCTTATTGATATGCTTAART",2021-02-22T00:00:00Z,2021-02-22T12:13:00Z,1,UKKMD056,SRP307508,Illumina MiSeq (V2 500 cycles) reads from sample UKKMD056 from a subject with non-alcoholic fatty liver disease
SRR13762680,AMPLICON,502,18879216,PRJNA698272,SAMN14219197,"MIMARKS.specimen,MIGS/MIMS/MIMARKS.human-gut",13149071,JCVI,2015-11,public,"fastq,run.zq,sra","gs,ncbi,s3","gs.us-east1,ncbi.public,s3.us-east-1",ENVO:01000248,ENVO:01000249,ENVO:00002003,SRX10149365,Germany,Europe,Germany: Cologne,Homo sapiens,Illumina MiSeq,https://www.thermofisher.com/content/dam/LifeTech/Documents/PDFs/Ion-16S-Metagenomics-Kit-Software-Application-Note.pdf,UKKDM188,50.92 N 6.92 E,UKKDM188its,PAIRED,RANDOM,GENOMIC,healthy control,human gut metagenome,ILLUMINA,"AACTTTYRRCAAYGGATCWCT,GCCTCCGCTTATTGATATGCTTAART",2021-02-22T00:00:00Z,2021-02-22T12:13:00Z,1,UKKDM188,SRP307508,Illumina MiSeq (V2 500 cycles) reads from sample UKKDM188 from a non-alcoholic healthly liver control
SRR13762681,AMPLICON,502,27327876,PRJNA698272,SAMN11554389,"MIMARKS.specimen,MIGS/MIMS/MIMARKS.human-gut",18648814,JCVI,2017-05,public,"fastq,run.zq,sra","gs,ncbi,s3","gs.us-east1,ncbi.public,s3.us-east-1",ENVO:01000248,ENVO:01000249,ENVO:00002003,SRX10149366,Germany,Europe,Germany: Cologne,Homo sapiens,Illumina MiSeq,https://www.thermofisher.com/content/dam/LifeTech/Documents/PDFs/Ion-16S-Metagenomics-Kit-Software-Application-Note.pdf,UKKMD014,50.92 N 6.92 E,UKKMD014its,PAIRED,RANDOM,GENOMIC,healthy control,human gut metagenome,ILLUMINA,"AACTTTYRRCAAYGGATCWCT,GCCTCCGCTTATTGATATGCTTAART",2021-02-22T00:00:00Z,2021-02-22T12:13:00Z,1,UKKMD014,SRP307508,Illumina MiSeq (V2 500 cycles) reads from sample UKKMD014 from a non-alcoholic healthly liver control
SRR13762682,AMPLICON,502,25006126,PRJNA698272,SAMN14219192,"MIMARKS.specimen,MIGS/MIMS/MIMARKS.human-gut",16960369,JCVI,2015-11,public,"fastq,run.zq,sra","gs,ncbi,s3","gs.us-east1,ncbi.public,s3.us-east-1",ENVO:01000248,ENVO:01000249,ENVO:00002003,SRX10149367,Germany,Europe,Germany: Cologne,Homo sapiens,Illumina MiSeq,https://www.thermofisher.com/content/dam/LifeTech/Documents/PDFs/Ion-16S-Metagenomics-Kit-Software-Application-Note.pdf,UKKDM183,50.92 N 6.92 E,UKKDM183its,PAIRED,RANDOM,GENOMIC,healthy control,human gut metagenome,ILLUMINA,"AACTTTYRRCAAYGGATCWCT,GCCTCCGCTTATTGATATGCTTAART",2021-02-22T00:00:00Z,2021-02-22T12:13:00Z,1,UKKDM183,SRP307508,Illumina MiSeq (V2 500 cycles) reads from sample UKKDM183 from a non-alcoholic healthly liver control
SRR13762683,AMPLICON,502,15200560,PRJNA698272,SAMN11554388,"MIMARKS.specimen,MIGS/MIMS/MIMARKS.human-gut",10623923,JCVI,2017-05,public,"fastq,run.zq,sra","gs,ncbi,s3","gs.us-east1,ncbi.public,s3.us-east-1",ENVO:01000248,ENVO:01000249,ENVO:00002003,SRX10149368,Germany,Europe,Germany: Cologne,Homo sapiens,Illumina MiSeq,https://www.thermofisher.com/content/dam/LifeTech/Documents/PDFs/Ion-16S-Metagenomics-Kit-Software-Application-Note.pdf,UKKMD013,50.92 N 6.92 E,UKKMD013its,PAIRED,RANDOM,GENOMIC,healthy control,human gut metagenome,ILLUMINA,"AACTTTYRRCAAYGGATCWCT,GCCTCCGCTTATTGATATGCTTAART",2021-02-22T00:00:00Z,2021-02-22T12:13:00Z,1,UKKMD013,SRP307508,Illumina MiSeq (V2 500 cycles) reads from sample UKKMD013 from a non-alcoholic healthly liver control
SRR13762684,AMPLICON,502,27803772,PRJNA698272,SAMN14219199,"MIMARKS.specimen,MIGS/MIMS/MIMARKS.human-gut",19152132,JCVI,2015-11,public,"fastq,run.zq,sra","gs,ncbi,s3","gs.us-east1,ncbi.public,s3.us-east-1",ENVO:01000248,ENVO:01000249,ENVO:00002003,SRX10149369,Germany,Europe,Germany: Cologne,Homo sapiens,Illumina MiSeq,https://www.thermofisher.com/content/dam/LifeTech/Documents/PDFs/Ion-16S-Metagenomics-Kit-Software-Application-Note.pdf,UKKDM190,50.92 N 6.92 E,UKKDM190its,PAIRED,RANDOM,GENOMIC,healthy control,human gut metagenome,ILLUMINA,"AACTTTYRRCAAYGGATCWCT,GCCTCCGCTTATTGATATGCTTAART",2021-02-22T00:00:00Z,2021-02-22T12:13:00Z,1,UKKDM190,SRP307508,Illumina MiSeq (V2 500 cycles) reads from sample UKKDM190 from a non-alcoholic healthly liver control
SRR13762685,AMPLICON,502,13910420,PRJNA698272,SAMN11554427,"MIMARKS.specimen,MIGS/MIMS/MIMARKS.human-gut",9863052,JCVI,2015-11,public,"fastq,run.zq,sra","gs,ncbi,s3","gs.us-east1,ncbi.public,s3.us-east-1",ENVO:01000248,ENVO:01000249,ENVO:00002003,SRX10149370,Germany,Europe,Germany: Cologne,Homo sapiens,Illumina MiSeq,https://www.thermofisher.com/content/dam/LifeTech/Documents/PDFs/Ion-16S-Metagenomics-Kit-Software-Application-Note.pdf,UKKMD052,50.92 N 6.92 E,UKKMD052its,PAIRED,RANDOM,GENOMIC,NAFLD,human gut metagenome,ILLUMINA,"AACTTTYRRCAAYGGATCWCT,GCCTCCGCTTATTGATATGCTTAART",2021-02-22T00:00:00Z,2021-02-22T12:13:00Z,1,UKKMD052,SRP307508,Illumina MiSeq (V2 500 cycles) reads from sample UKKMD052 from a subject with non-alcoholic fatty liver disease
SRR13762686,AMPLICON,502,29277644,PRJNA698272,SAMN11554383,"MIMARKS.specimen,MIGS/MIMS/MIMARKS.human-gut",20420076,JCVI,2016-09,public,"fastq,run.zq,sra","gs,ncbi,s3","gs.us-east1,ncbi.public,s3.us-east-1",ENVO:01000248,ENVO:01000249,ENVO:00002003,SRX10149371,Germany,Europe,Germany: Cologne,Homo sapiens,Illumina MiSeq,https://www.thermofisher.com/content/dam/LifeTech/Documents/PDFs/Ion-16S-Metagenomics-Kit-Software-Application-Note.pdf,UKKMD008,50.92 N 6.92 E,UKKMD008its,PAIRED,RANDOM,GENOMIC,healthy control,human gut metagenome,ILLUMINA,"AACTTTYRRCAAYGGATCWCT,GCCTCCGCTTATTGATATGCTTAART",2021-02-22T00:00:00Z,2021-02-22T12:13:00Z,1,UKKMD008,SRP307508,Illumina MiSeq (V2 500 cycles) reads from sample UKKMD008 from a non-alcoholic healthly liver control
SRR13762687,AMPLICON,502,29413686,PRJNA698272,SAMN14219200,"MIMARKS.specimen,MIGS/MIMS/MIMARKS.human-gut",20784524,JCVI,2015-11,public,"fastq,run.zq,sra","gs,ncbi,s3","gs.us-east1,ncbi.public,s3.us-east-1",ENVO:01000248,ENVO:01000249,ENVO:00002003,SRX10149372,Germany,Europe,Germany: Cologne,Homo sapiens,Illumina MiSeq,https://www.thermofisher.com/content/dam/LifeTech/Documents/PDFs/Ion-16S-Metagenomics-Kit-Software-Application-Note.pdf,UKKDM191,50.92 N 6.92 E,UKKDM191its,PAIRED,RANDOM,GENOMIC,healthy control,human gut metagenome,ILLUMINA,"AACTTTYRRCAAYGGATCWCT,GCCTCCGCTTATTGATATGCTTAART",2021-02-22T00:00:00Z,2021-02-22T12:15:00Z,1,UKKDM191,SRP307508,Illumina MiSeq (V2 500 cycles) reads from sample UKKDM191 from a non-alcoholic healthly liver control
SRR13762688,AMPLICON,502,5935648,PRJNA698272,SAMN11554384,"MIMARKS.specimen,MIGS/MIMS/MIMARKS.human-gut",4404732,JCVI,2017-05,public,"fastq,run.zq,sra","gs,ncbi,s3","gs.us-east1,ncbi.public,s3.us-east-1",ENVO:01000248,ENVO:01000249,ENVO:00002003,SRX10149373,Germany,Europe,Germany: Cologne,Homo sapiens,Illumina MiSeq,https://www.thermofisher.com/content/dam/LifeTech/Documents/PDFs/Ion-16S-Metagenomics-Kit-Software-Application-Note.pdf,UKKMD009,50.92 N 6.92 E,UKKMD009its,PAIRED,RANDOM,GENOMIC,healthy control,human gut metagenome,ILLUMINA,"AACTTTYRRCAAYGGATCWCT,GCCTCCGCTTATTGATATGCTTAART",2021-02-22T00:00:00Z,2021-02-22T12:14:00Z,1,UKKMD009,SRP307508,Illumina MiSeq (V2 500 cycles) reads from sample UKKMD009 from a non-alcoholic healthly liver control
SRR13762689,AMPLICON,502,24073912,PRJNA698272,SAMN11554390,"MIMARKS.specimen,MIGS/MIMS/MIMARKS.human-gut",16013661,JCVI,2017-05,public,"fastq,run.zq,sra","gs,ncbi,s3","gs.us-east1,ncbi.public,s3.us-east-1",ENVO:01000248,ENVO:01000249,ENVO:00002003,SRX10149374,Germany,Europe,Germany: Cologne,Homo sapiens,Illumina MiSeq,https://www.thermofisher.com/content/dam/LifeTech/Documents/PDFs/Ion-16S-Metagenomics-Kit-Software-Application-Note.pdf,UKKMD015,50.92 N 6.92 E,UKKMD015its,PAIRED,RANDOM,GENOMIC,healthy control,human gut metagenome,ILLUMINA,"AACTTTYRRCAAYGGATCWCT,GCCTCCGCTTATTGATATGCTTAART",2021-02-22T00:00:00Z,2021-02-22T12:15:00Z,1,UKKMD015,SRP307508,Illumina MiSeq (V2 500 cycles) reads from sample UKKMD015 from a non-alcoholic healthly liver control
SRR13762690,AMPLICON,502,8527976,PRJNA698272,SAMN13895357,"MIMARKS.specimen,MIGS/MIMS/MIMARKS.human-gut",6036464,JCVI,2015-11,public,"fastq,run.zq,sra","gs,ncbi,s3","gs.us-east1,ncbi.public,s3.us-east-1",ENVO:01000248,ENVO:01000249,ENVO:00002003,SRX10149375,Germany,Europe,Germany: Cologne,Homo sapiens,Illumina MiSeq,https://www.thermofisher.com/content/dam/LifeTech/Documents/PDFs/Ion-16S-Metagenomics-Kit-Software-Application-Note.pdf,UKKMD120,50.92 N 6.92 E,UKKMD120its,PAIRED,RANDOM,GENOMIC,NAFLD,human gut metagenome,ILLUMINA,"AACTTTYRRCAAYGGATCWCT,GCCTCCGCTTATTGATATGCTTAART",2021-02-22T00:00:00Z,2021-02-22T12:14:00Z,1,16S amplicon-seq of  NAFLD UKKMD120,SRP307508,Illumina MiSeq (V2 500 cycles) reads from sample UKKMD120 from a subject with non-alcoholic fatty liver disease
SRR13762691,AMPLICON,502,11716680,PRJNA698272,SAMN11554462,"MIMARKS.specimen,MIGS/MIMS/MIMARKS.human-gut",8028339,JCVI,2017-05,public,"fastq,run.zq,sra","gs,ncbi,s3","gs.us-east1,ncbi.public,s3.us-east-1",ENVO:01000248,ENVO:01000249,ENVO:00002003,SRX10149376,Germany,Europe,Germany: Cologne,Homo sapiens,Illumina MiSeq,https://www.thermofisher.com/content/dam/LifeTech/Documents/PDFs/Ion-16S-Metagenomics-Kit-Software-Application-Note.pdf,UKKMD087,50.92 N 6.92 E,UKKMD087its,PAIRED,RANDOM,GENOMIC,NAFLD,human gut metagenome,ILLUMINA,"AACTTTYRRCAAYGGATCWCT,GCCTCCGCTTATTGATATGCTTAART",2021-02-22T00:00:00Z,2021-02-22T12:15:00Z,1,UKKMD087,SRP307508,Illumina MiSeq (V2 500 cycles) reads from sample UKKMD087 from a subject with non-alcoholic fatty liver disease
SRR13762692,AMPLICON,502,16400340,PRJNA698272,SAMN11554432,"MIMARKS.specimen,MIGS/MIMS/MIMARKS.human-gut",11280079,JCVI,2015-11,public,"fastq,run.zq,sra","gs,ncbi,s3","gs.us-east1,ncbi.public,s3.us-east-1",ENVO:01000248,ENVO:01000249,ENVO:00002003,SRX10149377,Germany,Europe,Germany: Cologne,Homo sapiens,Illumina MiSeq,https://www.thermofisher.com/content/dam/LifeTech/Documents/PDFs/Ion-16S-Metagenomics-Kit-Software-Application-Note.pdf,UKKMD057,50.92 N 6.92 E,UKKMD057its,PAIRED,RANDOM,GENOMIC,NAFLD,human gut metagenome,ILLUMINA,"AACTTTYRRCAAYGGATCWCT,GCCTCCGCTTATTGATATGCTTAART",2021-02-22T00:00:00Z,2021-02-22T12:15:00Z,1,UKKMD057,SRP307508,Illumina MiSeq (V2 500 cycles) reads from sample UKKMD057 from a subject with non-alcoholic fatty liver disease
SRR13762693,AMPLICON,502,23498620,PRJNA698272,SAMN11554424,"MIMARKS.specimen,MIGS/MIMS/MIMARKS.human-gut",15664447,JCVI,2015-11,public,"fastq,run.zq,sra","gs,ncbi,s3","gs.us-east1,ncbi.public,s3.us-east-1",ENVO:01000248,ENVO:01000249,ENVO:00002003,SRX10149378,Germany,Europe,Germany: Cologne,Homo sapiens,Illumina MiSeq,https://www.thermofisher.com/content/dam/LifeTech/Documents/PDFs/Ion-16S-Metagenomics-Kit-Software-Application-Note.pdf,UKKMD049,50.92 N 6.92 E,UKKMD049its,PAIRED,RANDOM,GENOMIC,NAFLD,human gut metagenome,ILLUMINA,"AACTTTYRRCAAYGGATCWCT,GCCTCCGCTTATTGATATGCTTAART",2021-02-22T00:00:00Z,2021-02-22T12:14:00Z,1,UKKMD049,SRP307508,Illumina MiSeq (V2 500 cycles) reads from sample UKKMD049 from a subject with non-alcoholic fatty liver disease
SRR13762694,AMPLICON,502,21013720,PRJNA698272,SAMN14219194,"MIMARKS.specimen,MIGS/MIMS/MIMARKS.human-gut",14891634,JCVI,2015-11,public,"fastq,run.zq,sra","gs,ncbi,s3","gs.us-east1,ncbi.public,s3.us-east-1",ENVO:01000248,ENVO:01000249,ENVO:00002003,SRX10149379,Germany,Europe,Germany: Cologne,Homo sapiens,Illumina MiSeq,https://www.thermofisher.com/content/dam/LifeTech/Documents/PDFs/Ion-16S-Metagenomics-Kit-Software-Application-Note.pdf,UKKDM185,50.92 N 6.92 E,UKKDM185its,PAIRED,RANDOM,GENOMIC,healthy control,human gut metagenome,ILLUMINA,"AACTTTYRRCAAYGGATCWCT,GCCTCCGCTTATTGATATGCTTAART",2021-02-22T00:00:00Z,2021-02-22T12:15:00Z,1,UKKDM185,SRP307508,Illumina MiSeq (V2 500 cycles) reads from sample UKKDM185 from a non-alcoholic healthly liver control
SRR13762695,AMPLICON,502,17181452,PRJNA698272,SAMN14219196,"MIMARKS.specimen,MIGS/MIMS/MIMARKS.human-gut",11690437,JCVI,2015-11,public,"fastq,run.zq,sra","gs,ncbi,s3","gs.us-east1,ncbi.public,s3.us-east-1",ENVO:01000248,ENVO:01000249,ENVO:00002003,SRX10149380,Germany,Europe,Germany: Cologne,Homo sapiens,Illumina MiSeq,https://www.thermofisher.com/content/dam/LifeTech/Documents/PDFs/Ion-16S-Metagenomics-Kit-Software-Application-Note.pdf,UKKDM187,50.92 N 6.92 E,UKKDM187its,PAIRED,RANDOM,GENOMIC,healthy control,human gut metagenome,ILLUMINA,"AACTTTYRRCAAYGGATCWCT,GCCTCCGCTTATTGATATGCTTAART",2021-02-22T00:00:00Z,2021-02-22T12:15:00Z,1,UKKDM187,SRP307508,Illumina MiSeq (V2 500 cycles) reads from sample UKKDM187 from a non-alcoholic healthly liver control
SRR13762696,AMPLICON,502,12852706,PRJNA698272,SAMN11554428,"MIMARKS.specimen,MIGS/MIMS/MIMARKS.human-gut",8817302,JCVI,2015-11,public,"fastq,run.zq,sra","gs,ncbi,s3","gs.us-east1,ncbi.public,s3.us-east-1",ENVO:01000248,ENVO:01000249,ENVO:00002003,SRX10149381,Germany,Europe,Germany: Cologne,Homo sapiens,Illumina MiSeq,https://www.thermofisher.com/content/dam/LifeTech/Documents/PDFs/Ion-16S-Metagenomics-Kit-Software-Application-Note.pdf,UKKMD053,50.92 N 6.92 E,UKKMD053its,PAIRED,RANDOM,GENOMIC,NAFLD,human gut metagenome,ILLUMINA,"AACTTTYRRCAAYGGATCWCT,GCCTCCGCTTATTGATATGCTTAART",2021-02-22T00:00:00Z,2021-02-22T12:14:00Z,1,UKKMD053,SRP307508,Illumina MiSeq (V2 500 cycles) reads from sample UKKMD053 from a subject with non-alcoholic fatty liver disease
SRR13762697,AMPLICON,502,21677364,PRJNA698272,SAMN11554422,"MIMARKS.specimen,MIGS/MIMS/MIMARKS.human-gut",15120396,JCVI,2015-11,public,"fastq,run.zq,sra","gs,ncbi,s3","gs.us-east1,ncbi.public,s3.us-east-1",ENVO:01000248,ENVO:01000249,ENVO:00002003,SRX10149382,Germany,Europe,Germany: Cologne,Homo sapiens,Illumina MiSeq,https://www.thermofisher.com/content/dam/LifeTech/Documents/PDFs/Ion-16S-Metagenomics-Kit-Software-Application-Note.pdf,UKKMD047,50.92 N 6.92 E,UKKMD047its,PAIRED,RANDOM,GENOMIC,NAFLD,human gut metagenome,ILLUMINA,"AACTTTYRRCAAYGGATCWCT,GCCTCCGCTTATTGATATGCTTAART",2021-02-22T00:00:00Z,2021-02-22T12:15:00Z,1,UKKMD047,SRP307508,Illumina MiSeq (V2 500 cycles) reads from sample UKKMD047 from a subject with non-alcoholic fatty liver disease
SRR13762698,AMPLICON,502,30433750,PRJNA698272,SAMN14219198,"MIMARKS.specimen,MIGS/MIMS/MIMARKS.human-gut",19716657,JCVI,2015-11,public,"fastq,run.zq,sra","gs,ncbi,s3","gs.us-east1,ncbi.public,s3.us-east-1",ENVO:01000248,ENVO:01000249,ENVO:00002003,SRX10149383,Germany,Europe,Germany: Cologne,Homo sapiens,Illumina MiSeq,https://www.thermofisher.com/content/dam/LifeTech/Documents/PDFs/Ion-16S-Metagenomics-Kit-Software-Application-Note.pdf,UKKDM189,50.92 N 6.92 E,UKKDM189its,PAIRED,RANDOM,GENOMIC,healthy control,human gut metagenome,ILLUMINA,"AACTTTYRRCAAYGGATCWCT,GCCTCCGCTTATTGATATGCTTAART",2021-02-22T00:00:00Z,2021-02-22T12:15:00Z,1,UKKDM189,SRP307508,Illumina MiSeq (V2 500 cycles) reads from sample UKKDM189 from a non-alcoholic healthly liver control
SRR13762699,AMPLICON,502,14606192,PRJNA698272,SAMN11554387,"MIMARKS.specimen,MIGS/MIMS/MIMARKS.human-gut",10361920,JCVI,2017-05,public,"fastq,run.zq,sra","gs,ncbi,s3","gs.us-east1,ncbi.public,s3.us-east-1",ENVO:01000248,ENVO:01000249,ENVO:00002003,SRX10149384,Germany,Europe,Germany: Cologne,Homo sapiens,Illumina MiSeq,https://www.thermofisher.com/content/dam/LifeTech/Documents/PDFs/Ion-16S-Metagenomics-Kit-Software-Application-Note.pdf,UKKMD012,50.92 N 6.92 E,UKKMD012its,PAIRED,RANDOM,GENOMIC,healthy control,human gut metagenome,ILLUMINA,"AACTTTYRRCAAYGGATCWCT,GCCTCCGCTTATTGATATGCTTAART",2021-02-22T00:00:00Z,2021-02-22T12:15:00Z,1,UKKMD012,SRP307508,Illumina MiSeq (V2 500 cycles) reads from sample UKKMD012 from a non-alcoholic healthly liver control
SRR13762700,AMPLICON,502,24402220,PRJNA698272,SAMN14219193,"MIMARKS.specimen,MIGS/MIMS/MIMARKS.human-gut",17507173,JCVI,2015-11,public,"fastq,run.zq,sra","gs,ncbi,s3","gs.us-east1,ncbi.public,s3.us-east-1",ENVO:01000248,ENVO:01000249,ENVO:00002003,SRX10149385,Germany,Europe,Germany: Cologne,Homo sapiens,Illumina MiSeq,https://www.thermofisher.com/content/dam/LifeTech/Documents/PDFs/Ion-16S-Metagenomics-Kit-Software-Application-Note.pdf,UKKDM184,50.92 N 6.92 E,UKKDM184its,PAIRED,RANDOM,GENOMIC,healthy control,human gut metagenome,ILLUMINA,"AACTTTYRRCAAYGGATCWCT,GCCTCCGCTTATTGATATGCTTAART",2021-02-22T00:00:00Z,2021-02-22T12:15:00Z,1,UKKDM184,SRP307508,Illumina MiSeq (V2 500 cycles) reads from sample UKKDM184 from a non-alcoholic healthly liver control
SRR13762701,AMPLICON,502,17254744,PRJNA698272,SAMN14219206,"MIMARKS.specimen,MIGS/MIMS/MIMARKS.human-gut",12303033,JCVI,2015-11,public,"fastq,run.zq,sra","gs,ncbi,s3","gs.us-east1,ncbi.public,s3.us-east-1",ENVO:01000248,ENVO:01000249,ENVO:00002003,SRX10149386,Germany,Europe,Germany: Cologne,Homo sapiens,Illumina MiSeq,https://www.thermofisher.com/content/dam/LifeTech/Documents/PDFs/Ion-16S-Metagenomics-Kit-Software-Application-Note.pdf,UKKDM197,50.92 N 6.92 E,UKKDM197its,PAIRED,RANDOM,GENOMIC,healthy control,human gut metagenome,ILLUMINA,"AACTTTYRRCAAYGGATCWCT,GCCTCCGCTTATTGATATGCTTAART",2021-02-22T00:00:00Z,2021-02-22T12:15:00Z,1,UKKDM197,SRP307508,Illumina MiSeq (V2 500 cycles) reads from sample UKKDM197 from a non-alcoholic healthly liver control
SRR13762702,AMPLICON,502,14520350,PRJNA698272,SAMN13895369,"MIMARKS.specimen,MIGS/MIMS/MIMARKS.human-gut",10070329,JCVI,2015-11,public,"fastq,run.zq,sra","gs,ncbi,s3","gs.us-east1,ncbi.public,s3.us-east-1",ENVO:01000248,ENVO:01000249,ENVO:00002003,SRX10149387,Germany,Europe,Germany: Cologne,Homo sapiens,Illumina MiSeq,https://www.thermofisher.com/content/dam/LifeTech/Documents/PDFs/Ion-16S-Metagenomics-Kit-Software-Application-Note.pdf,UKKMD132,50.92 N 6.92 E,UKKMD132its,PAIRED,RANDOM,GENOMIC,NAFLD,human gut metagenome,ILLUMINA,"AACTTTYRRCAAYGGATCWCT,GCCTCCGCTTATTGATATGCTTAART",2021-02-22T00:00:00Z,2021-02-22T12:18:00Z,1,16S amplicon-seq of NAFLD UKKMD132,SRP307508,Illumina MiSeq (V2 500 cycles) reads from sample UKKMD132 from a subject with non-alcoholic fatty liver disease
SRR13762703,AMPLICON,502,23109570,PRJNA698272,SAMN11554421,"MIMARKS.specimen,MIGS/MIMS/MIMARKS.human-gut",16070910,JCVI,2017-05,public,"fastq,run.zq,sra","gs,ncbi,s3","gs.us-east1,ncbi.public,s3.us-east-1",ENVO:01000248,ENVO:01000249,ENVO:00002003,SRX10149388,Germany,Europe,Germany: Cologne,Homo sapiens,Illumina MiSeq,https://www.thermofisher.com/content/dam/LifeTech/Documents/PDFs/Ion-16S-Metagenomics-Kit-Software-Application-Note.pdf,UKKMD046,50.92 N 6.92 E,UKKMD046its,PAIRED,RANDOM,GENOMIC,NAFLD,human gut metagenome,ILLUMINA,"AACTTTYRRCAAYGGATCWCT,GCCTCCGCTTATTGATATGCTTAART",2021-02-22T00:00:00Z,2021-02-22T12:19:00Z,1,UKKMD046,SRP307508,Illumina MiSeq (V2 500 cycles) reads from sample UKKMD046 from a subject with non-alcoholic fatty liver disease
SRR13762704,AMPLICON,502,15285398,PRJNA698272,SAMN13895366,"MIMARKS.specimen,MIGS/MIMS/MIMARKS.human-gut",10870193,JCVI,2015-11,public,"fastq,run.zq,sra","gs,ncbi,s3","gs.us-east1,ncbi.public,s3.us-east-1",ENVO:01000248,ENVO:01000249,ENVO:00002003,SRX10149389,Germany,Europe,Germany: Cologne,Homo sapiens,Illumina MiSeq,https://www.thermofisher.com/content/dam/LifeTech/Documents/PDFs/Ion-16S-Metagenomics-Kit-Software-Application-Note.pdf,UKKMD129,50.92 N 6.92 E,UKKMD129its,PAIRED,RANDOM,GENOMIC,NAFLD,human gut metagenome,ILLUMINA,"AACTTTYRRCAAYGGATCWCT,GCCTCCGCTTATTGATATGCTTAART",2021-02-22T00:00:00Z,2021-02-22T12:19:00Z,1,16S amplicon-seq of NAFLD UKKMD129,SRP307508,Illumina MiSeq (V2 500 cycles) reads from sample UKKMD129 from a subject with non-alcoholic fatty liver disease
SRR13762705,AMPLICON,502,29002548,PRJNA698272,SAMN13895380,"MIMARKS.specimen,MIGS/MIMS/MIMARKS.human-gut",19847196,JCVI,2015-11,public,"fastq,run.zq,sra","gs,ncbi,s3","gs.us-east1,ncbi.public,s3.us-east-1",ENVO:01000248,ENVO:01000249,ENVO:00002003,SRX10149390,Germany,Europe,Germany: Cologne,Homo sapiens,Illumina MiSeq,https://www.thermofisher.com/content/dam/LifeTech/Documents/PDFs/Ion-16S-Metagenomics-Kit-Software-Application-Note.pdf,UKKMD143,50.92 N 6.92 E,UKKMD143its,PAIRED,RANDOM,GENOMIC,NAFLD,human gut metagenome,ILLUMINA,"AACTTTYRRCAAYGGATCWCT,GCCTCCGCTTATTGATATGCTTAART",2021-02-22T00:00:00Z,2021-02-22T12:19:00Z,1,16S amplicon-seq of NAFLD UKKMD143,SRP307508,Illumina MiSeq (V2 500 cycles) reads from sample UKKMD143 from a subject with non-alcoholic fatty liver disease
SRR13762706,AMPLICON,502,18784840,PRJNA698272,SAMN13895372,"MIMARKS.specimen,MIGS/MIMS/MIMARKS.human-gut",12673816,JCVI,2015-11,public,"fastq,run.zq,sra","gs,ncbi,s3","gs.us-east1,ncbi.public,s3.us-east-1",ENVO:01000248,ENVO:01000249,ENVO:00002003,SRX10149391,Germany,Europe,Germany: Cologne,Homo sapiens,Illumina MiSeq,https://www.thermofisher.com/content/dam/LifeTech/Documents/PDFs/Ion-16S-Metagenomics-Kit-Software-Application-Note.pdf,UKKMD135,50.92 N 6.92 E,UKKMD135its,PAIRED,RANDOM,GENOMIC,NAFLD,human gut metagenome,ILLUMINA,"AACTTTYRRCAAYGGATCWCT,GCCTCCGCTTATTGATATGCTTAART",2021-02-22T00:00:00Z,2021-02-22T12:19:00Z,1,16S amplicon-seq of NAFLD UKKMD135,SRP307508,Illumina MiSeq (V2 500 cycles) reads from sample UKKMD135 from a subject with non-alcoholic fatty liver disease
SRR13762707,AMPLICON,502,18981624,PRJNA698272,SAMN11554478,"MIMARKS.specimen,MIGS/MIMS/MIMARKS.human-gut",13556196,JCVI,2015-11,public,"fastq,run.zq,sra","gs,ncbi,s3","gs.us-east1,ncbi.public,s3.us-east-1",ENVO:01000248,ENVO:01000249,ENVO:00002003,SRX10149392,Germany,Europe,Germany: Cologne,Homo sapiens,Illumina MiSeq,https://www.thermofisher.com/content/dam/LifeTech/Documents/PDFs/Ion-16S-Metagenomics-Kit-Software-Application-Note.pdf,UKKMD103,50.92 N 6.92 E,UKKMD103its,PAIRED,RANDOM,GENOMIC,NAFLD,human gut metagenome,ILLUMINA,"AACTTTYRRCAAYGGATCWCT,GCCTCCGCTTATTGATATGCTTAART",2021-02-22T00:00:00Z,2021-02-22T12:19:00Z,1,UKKMD103,SRP307508,Illumina MiSeq (V2 500 cycles) reads from sample UKKMD103 from a subject with non-alcoholic fatty liver disease
SRR13762708,AMPLICON,502,13888834,PRJNA698272,SAMN11554468,"MIMARKS.specimen,MIGS/MIMS/MIMARKS.human-gut",9359067,JCVI,2015-11,public,"fastq,run.zq,sra","gs,ncbi,s3","gs.us-east1,ncbi.public,s3.us-east-1",ENVO:01000248,ENVO:01000249,ENVO:00002003,SRX10149393,Germany,Europe,Germany: Cologne,Homo sapiens,Illumina MiSeq,https://www.thermofisher.com/content/dam/LifeTech/Documents/PDFs/Ion-16S-Metagenomics-Kit-Software-Application-Note.pdf,UKKMD093,50.92 N 6.92 E,UKKMD093its,PAIRED,RANDOM,GENOMIC,NAFLD,human gut metagenome,ILLUMINA,"AACTTTYRRCAAYGGATCWCT,GCCTCCGCTTATTGATATGCTTAART",2021-02-22T00:00:00Z,2021-02-22T12:19:00Z,1,UKKMD093,SRP307508,Illumina MiSeq (V2 500 cycles) reads from sample UKKMD093 from a subject with non-alcoholic fatty liver disease
SRR13762709,AMPLICON,502,11285964,PRJNA698272,SAMN11554433,"MIMARKS.specimen,MIGS/MIMS/MIMARKS.human-gut",8073655,JCVI,2015-11,public,"fastq,run.zq,sra","gs,ncbi,s3","gs.us-east1,ncbi.public,s3.us-east-1",ENVO:01000248,ENVO:01000249,ENVO:00002003,SRX10149394,Germany,Europe,Germany: Cologne,Homo sapiens,Illumina MiSeq,https://www.thermofisher.com/content/dam/LifeTech/Documents/PDFs/Ion-16S-Metagenomics-Kit-Software-Application-Note.pdf,UKKMD058,50.92 N 6.92 E,UKKMD058its,PAIRED,RANDOM,GENOMIC,NAFLD,human gut metagenome,ILLUMINA,"AACTTTYRRCAAYGGATCWCT,GCCTCCGCTTATTGATATGCTTAART",2021-02-22T00:00:00Z,2021-02-22T12:19:00Z,1,UKKMD058,SRP307508,Illumina MiSeq (V2 500 cycles) reads from sample UKKMD058 from a subject with non-alcoholic fatty liver disease
SRR13762710,AMPLICON,502,16954548,PRJNA698272,SAMN13895400,"MIMARKS.specimen,MIGS/MIMS/MIMARKS.human-gut",11870488,JCVI,2015-11,public,"fastq,run.zq,sra","gs,ncbi,s3","gs.us-east1,ncbi.public,s3.us-east-1",ENVO:01000248,ENVO:01000249,ENVO:00002003,SRX10149395,Germany,Europe,Germany: Cologne,Homo sapiens,Illumina MiSeq,https://www.thermofisher.com/content/dam/LifeTech/Documents/PDFs/Ion-16S-Metagenomics-Kit-Software-Application-Note.pdf,UKKMD163,50.92 N 6.92 E,UKKMD163its,PAIRED,RANDOM,GENOMIC,NAFLD,human gut metagenome,ILLUMINA,"AACTTTYRRCAAYGGATCWCT,GCCTCCGCTTATTGATATGCTTAART",2021-02-22T00:00:00Z,2021-02-22T12:19:00Z,1,16S amplicon-seq of NAFLD UKKMD163,SRP307508,Illumina MiSeq (V2 500 cycles) reads from sample UKKMD163 from a subject with non-alcoholic fatty liver disease
SRR13762711,AMPLICON,502,13008326,PRJNA698272,SAMN11554417,"MIMARKS.specimen,MIGS/MIMS/MIMARKS.human-gut",8838608,JCVI,2016-09,public,"fastq,run.zq,sra","gs,ncbi,s3","gs.us-east1,ncbi.public,s3.us-east-1",ENVO:01000248,ENVO:01000249,ENVO:00002003,SRX10149396,Germany,Europe,Germany: Cologne,Homo sapiens,Illumina MiSeq,https://www.thermofisher.com/content/dam/LifeTech/Documents/PDFs/Ion-16S-Metagenomics-Kit-Software-Application-Note.pdf,UKKMD042,50.92 N 6.92 E,UKKMD042its,PAIRED,RANDOM,GENOMIC,NAFLD,human gut metagenome,ILLUMINA,"AACTTTYRRCAAYGGATCWCT,GCCTCCGCTTATTGATATGCTTAART",2021-02-22T00:00:00Z,2021-02-22T12:19:00Z,1,UKKMD042,SRP307508,Illumina MiSeq (V2 500 cycles) reads from sample UKKMD042 from a subject with non-alcoholic fatty liver disease
SRR13762712,AMPLICON,502,13131316,PRJNA698272,SAMN13895395,"MIMARKS.specimen,MIGS/MIMS/MIMARKS.human-gut",8759186,JCVI,2015-11,public,"fastq,run.zq,sra","gs,ncbi,s3","gs.us-east1,ncbi.public,s3.us-east-1",ENVO:01000248,ENVO:01000249,ENVO:00002003,SRX10149397,Germany,Europe,Germany: Cologne,Homo sapiens,Illumina MiSeq,https://www.thermofisher.com/content/dam/LifeTech/Documents/PDFs/Ion-16S-Metagenomics-Kit-Software-Application-Note.pdf,UKKMD158,50.92 N 6.92 E,UKKMD158its,PAIRED,RANDOM,GENOMIC,NAFLD,human gut metagenome,ILLUMINA,"AACTTTYRRCAAYGGATCWCT,GCCTCCGCTTATTGATATGCTTAART",2021-02-22T00:00:00Z,2021-02-22T12:19:00Z,1,16S amplicon-seq of NAFLD UKKMD158,SRP307508,Illumina MiSeq (V2 500 cycles) reads from sample UKKMD158 from a subject with non-alcoholic fatty liver disease
SRR13762713,AMPLICON,502,22246130,PRJNA698272,SAMN11554446,"MIMARKS.specimen,MIGS/MIMS/MIMARKS.human-gut",14568233,JCVI,2017-05,public,"fastq,run.zq,sra","gs,ncbi,s3","gs.us-east1,ncbi.public,s3.us-east-1",ENVO:01000248,ENVO:01000249,ENVO:00002003,SRX10149398,Germany,Europe,Germany: Cologne,Homo sapiens,Illumina MiSeq,https://www.thermofisher.com/content/dam/LifeTech/Documents/PDFs/Ion-16S-Metagenomics-Kit-Software-Application-Note.pdf,UKKMD071,50.92 N 6.92 E,UKKMD071its,PAIRED,RANDOM,GENOMIC,NAFLD,human gut metagenome,ILLUMINA,"AACTTTYRRCAAYGGATCWCT,GCCTCCGCTTATTGATATGCTTAART",2021-02-22T00:00:00Z,2021-02-22T12:19:00Z,1,UKKMD071,SRP307508,Illumina MiSeq (V2 500 cycles) reads from sample UKKMD071 from a subject with non-alcoholic fatty liver disease
SRR13762714,AMPLICON,502,24654726,PRJNA698272,SAMN11554476,"MIMARKS.specimen,MIGS/MIMS/MIMARKS.human-gut",16611182,JCVI,2016-09,public,"fastq,run.zq,sra","gs,ncbi,s3","gs.us-east1,ncbi.public,s3.us-east-1",ENVO:01000248,ENVO:01000249,ENVO:00002003,SRX10149399,Germany,Europe,Germany: Cologne,Homo sapiens,Illumina MiSeq,https://www.thermofisher.com/content/dam/LifeTech/Documents/PDFs/Ion-16S-Metagenomics-Kit-Software-Application-Note.pdf,UKKMD101,50.92 N 6.92 E,UKKMD101its,PAIRED,RANDOM,GENOMIC,NAFLD,human gut metagenome,ILLUMINA,"AACTTTYRRCAAYGGATCWCT,GCCTCCGCTTATTGATATGCTTAART",2021-02-22T00:00:00Z,2021-02-22T12:19:00Z,1,UKKMD101,SRP307508,Illumina MiSeq (V2 500 cycles) reads from sample UKKMD101 from a subject with non-alcoholic fatty liver disease
SRR13762715,AMPLICON,502,18208544,PRJNA698272,SAMN13895390,"MIMARKS.specimen,MIGS/MIMS/MIMARKS.human-gut",12577035,JCVI,2015-11,public,"fastq,run.zq,sra","gs,ncbi,s3","gs.us-east1,ncbi.public,s3.us-east-1",ENVO:01000248,ENVO:01000249,ENVO:00002003,SRX10149400,Germany,Europe,Germany: Cologne,Homo sapiens,Illumina MiSeq,https://www.thermofisher.com/content/dam/LifeTech/Documents/PDFs/Ion-16S-Metagenomics-Kit-Software-Application-Note.pdf,UKKMD153,50.92 N 6.92 E,UKKMD153its,PAIRED,RANDOM,GENOMIC,NAFLD,human gut metagenome,ILLUMINA,"AACTTTYRRCAAYGGATCWCT,GCCTCCGCTTATTGATATGCTTAART",2021-02-22T00:00:00Z,2021-02-22T12:19:00Z,1,16S amplicon-seq of NAFLD UKKMD153,SRP307508,Illumina MiSeq (V2 500 cycles) reads from sample UKKMD153 from a subject with non-alcoholic fatty liver disease
SRR13762716,AMPLICON,502,22139706,PRJNA698272,SAMN13895384,"MIMARKS.specimen,MIGS/MIMS/MIMARKS.human-gut",15357873,JCVI,2015-11,public,"fastq,run.zq,sra","gs,ncbi,s3","gs.us-east1,ncbi.public,s3.us-east-1",ENVO:01000248,ENVO:01000249,ENVO:00002003,SRX10149401,Germany,Europe,Germany: Cologne,Homo sapiens,Illumina MiSeq,https://www.thermofisher.com/content/dam/LifeTech/Documents/PDFs/Ion-16S-Metagenomics-Kit-Software-Application-Note.pdf,UKKMD147,50.92 N 6.92 E,UKKMD147its,PAIRED,RANDOM,GENOMIC,NAFLD,human gut metagenome,ILLUMINA,"AACTTTYRRCAAYGGATCWCT,GCCTCCGCTTATTGATATGCTTAART",2021-02-22T00:00:00Z,2021-02-22T12:19:00Z,1,16S amplicon-seq of NAFLD UKKMD147,SRP307508,Illumina MiSeq (V2 500 cycles) reads from sample UKKMD147 from a subject with non-alcoholic fatty liver disease
SRR13762717,AMPLICON,502,21929368,PRJNA698272,SAMN11554475,"MIMARKS.specimen,MIGS/MIMS/MIMARKS.human-gut",14439389,JCVI,2015-11,public,"fastq,run.zq,sra","gs,ncbi,s3","gs.us-east1,ncbi.public,s3.us-east-1",ENVO:01000248,ENVO:01000249,ENVO:00002003,SRX10149402,Germany,Europe,Germany: Cologne,Homo sapiens,Illumina MiSeq,https://www.thermofisher.com/content/dam/LifeTech/Documents/PDFs/Ion-16S-Metagenomics-Kit-Software-Application-Note.pdf,UKKMD100,50.92 N 6.92 E,UKKMD100its,PAIRED,RANDOM,GENOMIC,NAFLD,human gut metagenome,ILLUMINA,"AACTTTYRRCAAYGGATCWCT,GCCTCCGCTTATTGATATGCTTAART",2021-02-22T00:00:00Z,2021-02-22T12:19:00Z,1,UKKMD100,SRP307508,Illumina MiSeq (V2 500 cycles) reads from sample UKKMD100 from a subject with non-alcoholic fatty liver disease
SRR13762718,AMPLICON,502,27183300,PRJNA698272,SAMN13895397,"MIMARKS.specimen,MIGS/MIMS/MIMARKS.human-gut",19355891,JCVI,2015-11,public,"fastq,run.zq,sra","gs,ncbi,s3","gs.us-east1,ncbi.public,s3.us-east-1",ENVO:01000248,ENVO:01000249,ENVO:00002003,SRX10149403,Germany,Europe,Germany: Cologne,Homo sapiens,Illumina MiSeq,https://www.thermofisher.com/content/dam/LifeTech/Documents/PDFs/Ion-16S-Metagenomics-Kit-Software-Application-Note.pdf,UKKMD160,50.92 N 6.92 E,UKKMD160its,PAIRED,RANDOM,GENOMIC,NAFLD,human gut metagenome,ILLUMINA,"AACTTTYRRCAAYGGATCWCT,GCCTCCGCTTATTGATATGCTTAART",2021-02-22T00:00:00Z,2021-02-22T12:19:00Z,1,16S amplicon-seq of NAFLD UKKMD160,SRP307508,Illumina MiSeq (V2 500 cycles) reads from sample UKKMD160 from a subject with non-alcoholic fatty liver disease
SRR13762719,AMPLICON,502,22156272,PRJNA698272,SAMN13895375,"MIMARKS.specimen,MIGS/MIMS/MIMARKS.human-gut",15576172,JCVI,2015-11,public,"fastq,run.zq,sra","gs,ncbi,s3","gs.us-east1,ncbi.public,s3.us-east-1",ENVO:01000248,ENVO:01000249,ENVO:00002003,SRX10149404,Germany,Europe,Germany: Cologne,Homo sapiens,Illumina MiSeq,https://www.thermofisher.com/content/dam/LifeTech/Documents/PDFs/Ion-16S-Metagenomics-Kit-Software-Application-Note.pdf,UKKMD138,50.92 N 6.92 E,UKKMD138its,PAIRED,RANDOM,GENOMIC,NAFLD,human gut metagenome,ILLUMINA,"AACTTTYRRCAAYGGATCWCT,GCCTCCGCTTATTGATATGCTTAART",2021-02-22T00:00:00Z,2021-02-22T12:19:00Z,1,16S amplicon-seq of NAFLD UKKMD138,SRP307508,Illumina MiSeq (V2 500 cycles) reads from sample UKKMD138 from a subject with non-alcoholic fatty liver disease
SRR13762720,AMPLICON,502,9547036,PRJNA698272,SAMN11554466,"MIMARKS.specimen,MIGS/MIMS/MIMARKS.human-gut",6865889,JCVI,2016-09,public,"fastq,run.zq,sra","gs,ncbi,s3","gs.us-east1,ncbi.public,s3.us-east-1",ENVO:01000248,ENVO:01000249,ENVO:00002003,SRX10149405,Germany,Europe,Germany: Cologne,Homo sapiens,Illumina MiSeq,https://www.thermofisher.com/content/dam/LifeTech/Documents/PDFs/Ion-16S-Metagenomics-Kit-Software-Application-Note.pdf,UKKMD091,50.92 N 6.92 E,UKKMD091its,PAIRED,RANDOM,GENOMIC,NAFLD,human gut metagenome,ILLUMINA,"AACTTTYRRCAAYGGATCWCT,GCCTCCGCTTATTGATATGCTTAART",2021-02-22T00:00:00Z,2021-02-22T12:19:00Z,1,UKKMD091,SRP307508,Illumina MiSeq (V2 500 cycles) reads from sample UKKMD091 from a subject with non-alcoholic fatty liver disease
SRR13762721,AMPLICON,502,8879376,PRJNA698272,SAMN13895374,"MIMARKS.specimen,MIGS/MIMS/MIMARKS.human-gut",6388975,JCVI,2015-11,public,"fastq,run.zq,sra","gs,ncbi,s3","gs.us-east1,ncbi.public,s3.us-east-1",ENVO:01000248,ENVO:01000249,ENVO:00002003,SRX10149406,Germany,Europe,Germany: Cologne,Homo sapiens,Illumina MiSeq,https://www.thermofisher.com/content/dam/LifeTech/Documents/PDFs/Ion-16S-Metagenomics-Kit-Software-Application-Note.pdf,UKKMD137,50.92 N 6.92 E,UKKMD137its,PAIRED,RANDOM,GENOMIC,NAFLD,human gut metagenome,ILLUMINA,"AACTTTYRRCAAYGGATCWCT,GCCTCCGCTTATTGATATGCTTAART",2021-02-22T00:00:00Z,2021-02-22T12:18:00Z,1,16S amplicon-seq of NAFLD UKKMD137,SRP307508,Illumina MiSeq (V2 500 cycles) reads from sample UKKMD137 from a subject with non-alcoholic fatty liver disease
SRR13762722,AMPLICON,502,12326108,PRJNA698272,SAMN13895398,"MIMARKS.specimen,MIGS/MIMS/MIMARKS.human-gut",8767538,JCVI,2015-11,public,"fastq,run.zq,sra","gs,ncbi,s3","gs.us-east1,ncbi.public,s3.us-east-1",ENVO:01000248,ENVO:01000249,ENVO:00002003,SRX10149407,Germany,Europe,Germany: Cologne,Homo sapiens,Illumina MiSeq,https://www.thermofisher.com/content/dam/LifeTech/Documents/PDFs/Ion-16S-Metagenomics-Kit-Software-Application-Note.pdf,UKKMD161,50.92 N 6.92 E,UKKMD161its,PAIRED,RANDOM,GENOMIC,NAFLD,human gut metagenome,ILLUMINA,"AACTTTYRRCAAYGGATCWCT,GCCTCCGCTTATTGATATGCTTAART",2021-02-22T00:00:00Z,2021-02-22T12:18:00Z,1,16S amplicon-seq of NAFLD UKKMD161,SRP307508,Illumina MiSeq (V2 500 cycles) reads from sample UKKMD161 from a subject with non-alcoholic fatty liver disease
SRR13762723,AMPLICON,502,7944652,PRJNA698272,SAMN13895378,"MIMARKS.specimen,MIGS/MIMS/MIMARKS.human-gut",5322042,JCVI,2015-11,public,"fastq,run.zq,sra","gs,ncbi,s3","gs.us-east1,ncbi.public,s3.us-east-1",ENVO:01000248,ENVO:01000249,ENVO:00002003,SRX10149408,Germany,Europe,Germany: Cologne,Homo sapiens,Illumina MiSeq,https://www.thermofisher.com/content/dam/LifeTech/Documents/PDFs/Ion-16S-Metagenomics-Kit-Software-Application-Note.pdf,UKKMD141,50.92 N 6.92 E,UKKMD141its,PAIRED,RANDOM,GENOMIC,NAFLD,human gut metagenome,ILLUMINA,"AACTTTYRRCAAYGGATCWCT,GCCTCCGCTTATTGATATGCTTAART",2021-02-22T00:00:00Z,2021-02-22T12:18:00Z,1,16S amplicon-seq of NAFLD UKKMD141,SRP307508,Illumina MiSeq (V2 500 cycles) reads from sample UKKMD141 from a subject with non-alcoholic fatty liver disease
SRR13762724,AMPLICON,502,18845582,PRJNA698272,SAMN13895364,"MIMARKS.specimen,MIGS/MIMS/MIMARKS.human-gut",13172428,JCVI,2015-11,public,"fastq,run.zq,sra","gs,ncbi,s3","gs.us-east1,ncbi.public,s3.us-east-1",ENVO:01000248,ENVO:01000249,ENVO:00002003,SRX10149409,Germany,Europe,Germany: Cologne,Homo sapiens,Illumina MiSeq,https://www.thermofisher.com/content/dam/LifeTech/Documents/PDFs/Ion-16S-Metagenomics-Kit-Software-Application-Note.pdf,UKKMD127,50.92 N 6.92 E,UKKMD127its,PAIRED,RANDOM,GENOMIC,NAFLD,human gut metagenome,ILLUMINA,"AACTTTYRRCAAYGGATCWCT,GCCTCCGCTTATTGATATGCTTAART",2021-02-22T00:00:00Z,2021-02-22T12:19:00Z,1,16S amplicon-seq of NAFLD UKKMD127,SRP307508,Illumina MiSeq (V2 500 cycles) reads from sample UKKMD127 from a subject with non-alcoholic fatty liver disease
SRR13762725,AMPLICON,502,11404436,PRJNA698272,SAMN13895362,"MIMARKS.specimen,MIGS/MIMS/MIMARKS.human-gut",7870192,JCVI,2015-11,public,"fastq,run.zq,sra","gs,ncbi,s3","gs.us-east1,ncbi.public,s3.us-east-1",ENVO:01000248,ENVO:01000249,ENVO:00002003,SRX10149410,Germany,Europe,Germany: Cologne,Homo sapiens,Illumina MiSeq,https://www.thermofisher.com/content/dam/LifeTech/Documents/PDFs/Ion-16S-Metagenomics-Kit-Software-Application-Note.pdf,UKKMD125,50.92 N 6.92 E,UKKMD125its,PAIRED,RANDOM,GENOMIC,NAFLD,human gut metagenome,ILLUMINA,"AACTTTYRRCAAYGGATCWCT,GCCTCCGCTTATTGATATGCTTAART",2021-02-22T00:00:00Z,2021-02-22T12:19:00Z,1,16S amplicon-seq of NAFLD UKKMD125,SRP307508,Illumina MiSeq (V2 500 cycles) reads from sample UKKMD125 from a subject with non-alcoholic fatty liver disease
SRR13762726,AMPLICON,502,13120272,PRJNA698272,SAMN13895382,"MIMARKS.specimen,MIGS/MIMS/MIMARKS.human-gut",9423425,JCVI,2015-11,public,"fastq,run.zq,sra","gs,ncbi,s3","gs.us-east1,ncbi.public,s3.us-east-1",ENVO:01000248,ENVO:01000249,ENVO:00002003,SRX10149411,Germany,Europe,Germany: Cologne,Homo sapiens,Illumina MiSeq,https://www.thermofisher.com/content/dam/LifeTech/Documents/PDFs/Ion-16S-Metagenomics-Kit-Software-Application-Note.pdf,UKKMD145,50.92 N 6.92 E,UKKMD145its,PAIRED,RANDOM,GENOMIC,NAFLD,human gut metagenome,ILLUMINA,"AACTTTYRRCAAYGGATCWCT,GCCTCCGCTTATTGATATGCTTAART",2021-02-22T00:00:00Z,2021-02-22T12:18:00Z,1,16S amplicon-seq of NAFLD UKKMD145,SRP307508,Illumina MiSeq (V2 500 cycles) reads from sample UKKMD145 from a subject with non-alcoholic fatty liver disease
SRR13762727,AMPLICON,502,16561482,PRJNA698272,SAMN13895367,"MIMARKS.specimen,MIGS/MIMS/MIMARKS.human-gut",11011038,JCVI,2015-11,public,"fastq,run.zq,sra","gs,ncbi,s3","gs.us-east1,ncbi.public,s3.us-east-1",ENVO:01000248,ENVO:01000249,ENVO:00002003,SRX10149412,Germany,Europe,Germany: Cologne,Homo sapiens,Illumina MiSeq,https://www.thermofisher.com/content/dam/LifeTech/Documents/PDFs/Ion-16S-Metagenomics-Kit-Software-Application-Note.pdf,UKKMD130,50.92 N 6.92 E,UKKMD130its,PAIRED,RANDOM,GENOMIC,NAFLD,human gut metagenome,ILLUMINA,"AACTTTYRRCAAYGGATCWCT,GCCTCCGCTTATTGATATGCTTAART",2021-02-22T00:00:00Z,2021-02-22T12:19:00Z,1,16S amplicon-seq of NAFLD UKKMD130,SRP307508,Illumina MiSeq (V2 500 cycles) reads from sample UKKMD130 from a subject with non-alcoholic fatty liver disease
SRR13762728,AMPLICON,502,16283876,PRJNA698272,SAMN11554463,"MIMARKS.specimen,MIGS/MIMS/MIMARKS.human-gut",11395233,JCVI,2017-08,public,"fastq,run.zq,sra","gs,ncbi,s3","gs.us-east1,ncbi.public,s3.us-east-1",ENVO:01000248,ENVO:01000249,ENVO:00002003,SRX10149413,Germany,Europe,Germany: Cologne,Homo sapiens,Illumina MiSeq,https://www.thermofisher.com/content/dam/LifeTech/Documents/PDFs/Ion-16S-Metagenomics-Kit-Software-Application-Note.pdf,UKKMD088,50.92 N 6.92 E,UKKMD088its,PAIRED,RANDOM,GENOMIC,NAFLD,human gut metagenome,ILLUMINA,"AACTTTYRRCAAYGGATCWCT,GCCTCCGCTTATTGATATGCTTAART",2021-02-22T00:00:00Z,2021-02-22T12:19:00Z,1,UKKMD088,SRP307508,Illumina MiSeq (V2 500 cycles) reads from sample UKKMD088 from a subject with non-alcoholic fatty liver disease
SRR13762729,AMPLICON,502,14757294,PRJNA698272,SAMN11554470,"MIMARKS.specimen,MIGS/MIMS/MIMARKS.human-gut",10103247,JCVI,2015-11,public,"fastq,run.zq,sra","gs,ncbi,s3","gs.us-east1,ncbi.public,s3.us-east-1",ENVO:01000248,ENVO:01000249,ENVO:00002003,SRX10149414,Germany,Europe,Germany: Cologne,Homo sapiens,Illumina MiSeq,https://www.thermofisher.com/content/dam/LifeTech/Documents/PDFs/Ion-16S-Metagenomics-Kit-Software-Application-Note.pdf,UKKMD095,50.92 N 6.92 E,UKKMD095its,PAIRED,RANDOM,GENOMIC,NAFLD,human gut metagenome,ILLUMINA,"AACTTTYRRCAAYGGATCWCT,GCCTCCGCTTATTGATATGCTTAART",2021-02-22T00:00:00Z,2021-02-22T12:19:00Z,1,UKKMD095,SRP307508,Illumina MiSeq (V2 500 cycles) reads from sample UKKMD095 from a subject with non-alcoholic fatty liver disease
SRR13762730,AMPLICON,502,24427320,PRJNA698272,SAMN11554457,"MIMARKS.specimen,MIGS/MIMS/MIMARKS.human-gut",17277384,JCVI,2017-05,public,"fastq,run.zq,sra","gs,ncbi,s3","gs.us-east1,ncbi.public,s3.us-east-1",ENVO:01000248,ENVO:01000249,ENVO:00002003,SRX10149415,Germany,Europe,Germany: Cologne,Homo sapiens,Illumina MiSeq,https://www.thermofisher.com/content/dam/LifeTech/Documents/PDFs/Ion-16S-Metagenomics-Kit-Software-Application-Note.pdf,UKKMD082,50.92 N 6.92 E,UKKMD082its,PAIRED,RANDOM,GENOMIC,NAFLD,human gut metagenome,ILLUMINA,"AACTTTYRRCAAYGGATCWCT,GCCTCCGCTTATTGATATGCTTAART",2021-02-22T00:00:00Z,2021-02-22T12:19:00Z,1,UKKMD082,SRP307508,Illumina MiSeq (V2 500 cycles) reads from sample UKKMD082 from a subject with non-alcoholic fatty liver disease
SRR13762731,AMPLICON,502,17473114,PRJNA698272,SAMN14219209,"MIMARKS.specimen,MIGS/MIMS/MIMARKS.human-gut",12458605,JCVI,2015-11,public,"fastq,run.zq,sra","gs,ncbi,s3","gs.us-east1,ncbi.public,s3.us-east-1",ENVO:01000248,ENVO:01000249,ENVO:00002003,SRX10149416,Germany,Europe,Germany: Cologne,Homo sapiens,Illumina MiSeq,https://www.thermofisher.com/content/dam/LifeTech/Documents/PDFs/Ion-16S-Metagenomics-Kit-Software-Application-Note.pdf,UKKDM200,50.92 N 6.92 E,UKKDM200its,PAIRED,RANDOM,GENOMIC,NASH,human gut metagenome,ILLUMINA,"AACTTTYRRCAAYGGATCWCT,GCCTCCGCTTATTGATATGCTTAART",2021-02-22T00:00:00Z,2021-02-22T12:19:00Z,1,UKKDM200,SRP307508,Illumina MiSeq (V2 500 cycles) reads from sample UKKDM200 from a subject with non-alcoholic fatty liver disease
SRR13762732,AMPLICON,502,10105260,PRJNA698272,SAMN11554452,"MIMARKS.specimen,MIGS/MIMS/MIMARKS.human-gut",7165454,JCVI,2016-09,public,"fastq,run.zq,sra","gs,ncbi,s3","gs.us-east1,ncbi.public,s3.us-east-1",ENVO:01000248,ENVO:01000249,ENVO:00002003,SRX10149417,Germany,Europe,Germany: Cologne,Homo sapiens,Illumina MiSeq,https://www.thermofisher.com/content/dam/LifeTech/Documents/PDFs/Ion-16S-Metagenomics-Kit-Software-Application-Note.pdf,UKKMD077,50.92 N 6.92 E,UKKMD077its,PAIRED,RANDOM,GENOMIC,NAFLD,human gut metagenome,ILLUMINA,"AACTTTYRRCAAYGGATCWCT,GCCTCCGCTTATTGATATGCTTAART",2021-02-22T00:00:00Z,2021-02-22T12:20:00Z,1,UKKMD077,SRP307508,Illumina MiSeq (V2 500 cycles) reads from sample UKKMD077 from a subject with non-alcoholic fatty liver disease
SRR13762733,AMPLICON,502,12060048,PRJNA698272,SAMN13895368,"MIMARKS.specimen,MIGS/MIMS/MIMARKS.human-gut",8527539,JCVI,2015-11,public,"fastq,run.zq,sra","gs,ncbi,s3","gs.us-east1,ncbi.public,s3.us-east-1",ENVO:01000248,ENVO:01000249,ENVO:00002003,SRX10149418,Germany,Europe,Germany: Cologne,Homo sapiens,Illumina MiSeq,https://www.thermofisher.com/content/dam/LifeTech/Documents/PDFs/Ion-16S-Metagenomics-Kit-Software-Application-Note.pdf,UKKMD131,50.92 N 6.92 E,UKKMD131its,PAIRED,RANDOM,GENOMIC,NAFLD,human gut metagenome,ILLUMINA,"AACTTTYRRCAAYGGATCWCT,GCCTCCGCTTATTGATATGCTTAART",2021-02-22T00:00:00Z,2021-02-22T12:20:00Z,1,16S amplicon-seq of NAFLD UKKMD131,SRP307508,Illumina MiSeq (V2 500 cycles) reads from sample UKKMD131 from a subject with non-alcoholic fatty liver disease
SRR13762734,AMPLICON,502,24578924,PRJNA698272,SAMN13895394,"MIMARKS.specimen,MIGS/MIMS/MIMARKS.human-gut",16968687,JCVI,2015-11,public,"fastq,run.zq,sra","gs,ncbi,s3","gs.us-east1,ncbi.public,s3.us-east-1",ENVO:01000248,ENVO:01000249,ENVO:00002003,SRX10149419,Germany,Europe,Germany: Cologne,Homo sapiens,Illumina MiSeq,https://www.thermofisher.com/content/dam/LifeTech/Documents/PDFs/Ion-16S-Metagenomics-Kit-Software-Application-Note.pdf,UKKMD157,50.92 N 6.92 E,UKKMD157its,PAIRED,RANDOM,GENOMIC,NAFLD,human gut metagenome,ILLUMINA,"AACTTTYRRCAAYGGATCWCT,GCCTCCGCTTATTGATATGCTTAART",2021-02-22T00:00:00Z,2021-02-22T12:20:00Z,1,16S amplicon-seq of NAFLD UKKMD157,SRP307508,Illumina MiSeq (V2 500 cycles) reads from sample UKKMD157 from a subject with non-alcoholic fatty liver disease
SRR13762735,AMPLICON,502,17370706,PRJNA698272,SAMN13895373,"MIMARKS.specimen,MIGS/MIMS/MIMARKS.human-gut",11907580,JCVI,2015-11,public,"fastq,run.zq,sra","gs,ncbi,s3","gs.us-east1,ncbi.public,s3.us-east-1",ENVO:01000248,ENVO:01000249,ENVO:00002003,SRX10149420,Germany,Europe,Germany: Cologne,Homo sapiens,Illumina MiSeq,https://www.thermofisher.com/content/dam/LifeTech/Documents/PDFs/Ion-16S-Metagenomics-Kit-Software-Application-Note.pdf,UKKMD136,50.92 N 6.92 E,UKKMD136its,PAIRED,RANDOM,GENOMIC,NAFLD,human gut metagenome,ILLUMINA,"AACTTTYRRCAAYGGATCWCT,GCCTCCGCTTATTGATATGCTTAART",2021-02-22T00:00:00Z,2021-02-22T12:20:00Z,1,16S amplicon-seq of NAFLD UKKMD136,SRP307508,Illumina MiSeq (V2 500 cycles) reads from sample UKKMD136 from a subject with non-alcoholic fatty liver disease
SRR13762736,AMPLICON,502,27397152,PRJNA698272,SAMN11554461,"MIMARKS.specimen,MIGS/MIMS/MIMARKS.human-gut",19500999,JCVI,2017-05,public,"fastq,run.zq,sra","gs,ncbi,s3","gs.us-east1,ncbi.public,s3.us-east-1",ENVO:01000248,ENVO:01000249,ENVO:00002003,SRX10149421,Germany,Europe,Germany: Cologne,Homo sapiens,Illumina MiSeq,https://www.thermofisher.com/content/dam/LifeTech/Documents/PDFs/Ion-16S-Metagenomics-Kit-Software-Application-Note.pdf,UKKMD086,50.92 N 6.92 E,UKKMD086its,PAIRED,RANDOM,GENOMIC,NAFLD,human gut metagenome,ILLUMINA,"AACTTTYRRCAAYGGATCWCT,GCCTCCGCTTATTGATATGCTTAART",2021-02-22T00:00:00Z,2021-02-22T12:20:00Z,1,UKKMD086,SRP307508,Illumina MiSeq (V2 500 cycles) reads from sample UKKMD086 from a subject with non-alcoholic fatty liver disease
SRR13762737,AMPLICON,502,8759398,PRJNA698272,SAMN13895399,"MIMARKS.specimen,MIGS/MIMS/MIMARKS.human-gut",6292979,JCVI,2015-11,public,"fastq,run.zq,sra","gs,ncbi,s3","gs.us-east1,ncbi.public,s3.us-east-1",ENVO:01000248,ENVO:01000249,ENVO:00002003,SRX10149422,Germany,Europe,Germany: Cologne,Homo sapiens,Illumina MiSeq,https://www.thermofisher.com/content/dam/LifeTech/Documents/PDFs/Ion-16S-Metagenomics-Kit-Software-Application-Note.pdf,UKKMD162,50.92 N 6.92 E,UKKMD162its,PAIRED,RANDOM,GENOMIC,NAFLD,human gut metagenome,ILLUMINA,"AACTTTYRRCAAYGGATCWCT,GCCTCCGCTTATTGATATGCTTAART",2021-02-22T00:00:00Z,2021-02-22T12:20:00Z,1,16S amplicon-seq of NAFLD UKKMD162,SRP307508,Illumina MiSeq (V2 500 cycles) reads from sample UKKMD162 from a subject with non-alcoholic fatty liver disease
SRR13762738,AMPLICON,502,20673364,PRJNA698272,SAMN13895370,"MIMARKS.specimen,MIGS/MIMS/MIMARKS.human-gut",14669107,JCVI,2015-11,public,"fastq,run.zq,sra","gs,ncbi,s3","gs.us-east1,ncbi.public,s3.us-east-1",ENVO:01000248,ENVO:01000249,ENVO:00002003,SRX10149423,Germany,Europe,Germany: Cologne,Homo sapiens,Illumina MiSeq,https://www.thermofisher.com/content/dam/LifeTech/Documents/PDFs/Ion-16S-Metagenomics-Kit-Software-Application-Note.pdf,UKKMD133,50.92 N 6.92 E,UKKMD133its,PAIRED,RANDOM,GENOMIC,NAFLD,human gut metagenome,ILLUMINA,"AACTTTYRRCAAYGGATCWCT,GCCTCCGCTTATTGATATGCTTAART",2021-02-22T00:00:00Z,2021-02-22T12:20:00Z,1,16S amplicon-seq of NAFLD UKKMD133,SRP307508,Illumina MiSeq (V2 500 cycles) reads from sample UKKMD133 from a subject with non-alcoholic fatty liver disease
SRR13762739,AMPLICON,502,13280912,PRJNA698272,SAMN11554454,"MIMARKS.specimen,MIGS/MIMS/MIMARKS.human-gut",8971889,JCVI,2016-09,public,"fastq,run.zq,sra","gs,ncbi,s3","gs.us-east1,ncbi.public,s3.us-east-1",ENVO:01000248,ENVO:01000249,ENVO:00002003,SRX10149424,Germany,Europe,Germany: Cologne,Homo sapiens,Illumina MiSeq,https://www.thermofisher.com/content/dam/LifeTech/Documents/PDFs/Ion-16S-Metagenomics-Kit-Software-Application-Note.pdf,UKKMD079,50.92 N 6.92 E,UKKMD079its,PAIRED,RANDOM,GENOMIC,NAFLD,human gut metagenome,ILLUMINA,"AACTTTYRRCAAYGGATCWCT,GCCTCCGCTTATTGATATGCTTAART",2021-02-22T00:00:00Z,2021-02-22T12:20:00Z,1,UKKMD079,SRP307508,Illumina MiSeq (V2 500 cycles) reads from sample UKKMD079 from a subject with non-alcoholic fatty liver disease
SRR13762740,AMPLICON,502,5324714,PRJNA698272,SAMN11554451,"MIMARKS.specimen,MIGS/MIMS/MIMARKS.human-gut",3818943,JCVI,2016-09,public,"fastq,run.zq,sra","gs,ncbi,s3","gs.us-east1,ncbi.public,s3.us-east-1",ENVO:01000248,ENVO:01000249,ENVO:00002003,SRX10149425,Germany,Europe,Germany: Cologne,Homo sapiens,Illumina MiSeq,https://www.thermofisher.com/content/dam/LifeTech/Documents/PDFs/Ion-16S-Metagenomics-Kit-Software-Application-Note.pdf,UKKMD076,50.92 N 6.92 E,UKKMD076its,PAIRED,RANDOM,GENOMIC,NAFLD,human gut metagenome,ILLUMINA,"AACTTTYRRCAAYGGATCWCT,GCCTCCGCTTATTGATATGCTTAART",2021-02-22T00:00:00Z,2021-02-22T12:19:00Z,1,UKKMD076,SRP307508,Illumina MiSeq (V2 500 cycles) reads from sample UKKMD076 from a subject with non-alcoholic fatty liver disease
SRR13762741,AMPLICON,502,5208250,PRJNA698272,SAMN11554477,"MIMARKS.specimen,MIGS/MIMS/MIMARKS.human-gut",3814445,JCVI,2015-11,public,"fastq,run.zq,sra","gs,ncbi,s3","gs.us-east1,ncbi.public,s3.us-east-1",ENVO:01000248,ENVO:01000249,ENVO:00002003,SRX10149426,Germany,Europe,Germany: Cologne,Homo sapiens,Illumina MiSeq,https://www.thermofisher.com/content/dam/LifeTech/Documents/PDFs/Ion-16S-Metagenomics-Kit-Software-Application-Note.pdf,UKKMD102,50.92 N 6.92 E,UKKMD102its,PAIRED,RANDOM,GENOMIC,NAFLD,human gut metagenome,ILLUMINA,"AACTTTYRRCAAYGGATCWCT,GCCTCCGCTTATTGATATGCTTAART",2021-02-22T00:00:00Z,2021-02-22T12:20:00Z,1,UKKMD102,SRP307508,Illumina MiSeq (V2 500 cycles) reads from sample UKKMD102 from a subject with non-alcoholic fatty liver disease
SRR13762742,AMPLICON,502,10624830,PRJNA698272,SAMN13895363,"MIMARKS.specimen,MIGS/MIMS/MIMARKS.human-gut",7398113,JCVI,2015-11,public,"fastq,run.zq,sra","gs,ncbi,s3","gs.us-east1,ncbi.public,s3.us-east-1",ENVO:01000248,ENVO:01000249,ENVO:00002003,SRX10149427,Germany,Europe,Germany: Cologne,Homo sapiens,Illumina MiSeq,https://www.thermofisher.com/content/dam/LifeTech/Documents/PDFs/Ion-16S-Metagenomics-Kit-Software-Application-Note.pdf,UKKMD126,50.92 N 6.92 E,UKKMD126its,PAIRED,RANDOM,GENOMIC,NAFLD,human gut metagenome,ILLUMINA,"AACTTTYRRCAAYGGATCWCT,GCCTCCGCTTATTGATATGCTTAART",2021-02-22T00:00:00Z,2021-02-22T12:20:00Z,1,16S amplicon-seq of NAFLD UKKMD126,SRP307508,Illumina MiSeq (V2 500 cycles) reads from sample UKKMD126 from a subject with non-alcoholic fatty liver disease
SRR13762743,AMPLICON,502,25433830,PRJNA698272,SAMN11554453,"MIMARKS.specimen,MIGS/MIMS/MIMARKS.human-gut",17102045,JCVI,2016-09,public,"fastq,run.zq,sra","gs,ncbi,s3","gs.us-east1,ncbi.public,s3.us-east-1",ENVO:01000248,ENVO:01000249,ENVO:00002003,SRX10149428,Germany,Europe,Germany: Cologne,Homo sapiens,Illumina MiSeq,https://www.thermofisher.com/content/dam/LifeTech/Documents/PDFs/Ion-16S-Metagenomics-Kit-Software-Application-Note.pdf,UKKMD078,50.92 N 6.92 E,UKKMD078its,PAIRED,RANDOM,GENOMIC,NAFLD,human gut metagenome,ILLUMINA,"AACTTTYRRCAAYGGATCWCT,GCCTCCGCTTATTGATATGCTTAART",2021-02-22T00:00:00Z,2021-02-22T12:20:00Z,1,UKKMD078,SRP307508,Illumina MiSeq (V2 500 cycles) reads from sample UKKMD078 from a subject with non-alcoholic fatty liver disease
SRR13762744,AMPLICON,502,13018868,PRJNA698272,SAMN11554459,"MIMARKS.specimen,MIGS/MIMS/MIMARKS.human-gut",8781041,JCVI,2017-05,public,"fastq,run.zq,sra","gs,ncbi,s3","gs.us-east1,ncbi.public,s3.us-east-1",ENVO:01000248,ENVO:01000249,ENVO:00002003,SRX10149429,Germany,Europe,Germany: Cologne,Homo sapiens,Illumina MiSeq,https://www.thermofisher.com/content/dam/LifeTech/Documents/PDFs/Ion-16S-Metagenomics-Kit-Software-Application-Note.pdf,UKKMD084,50.92 N 6.92 E,UKKMD084its,PAIRED,RANDOM,GENOMIC,NAFLD,human gut metagenome,ILLUMINA,"AACTTTYRRCAAYGGATCWCT,GCCTCCGCTTATTGATATGCTTAART",2021-02-22T00:00:00Z,2021-02-22T12:20:00Z,1,UKKMD084,SRP307508,Illumina MiSeq (V2 500 cycles) reads from sample UKKMD084 from a subject with non-alcoholic fatty liver disease
SRR13762745,AMPLICON,502,7124384,PRJNA698272,SAMN13895377,"MIMARKS.specimen,MIGS/MIMS/MIMARKS.human-gut",5146763,JCVI,2015-11,public,"fastq,run.zq,sra","gs,ncbi,s3","gs.us-east1,ncbi.public,s3.us-east-1",ENVO:01000248,ENVO:01000249,ENVO:00002003,SRX10149430,Germany,Europe,Germany: Cologne,Homo sapiens,Illumina MiSeq,https://www.thermofisher.com/content/dam/LifeTech/Documents/PDFs/Ion-16S-Metagenomics-Kit-Software-Application-Note.pdf,UKKMD140,50.92 N 6.92 E,UKKMD140its,PAIRED,RANDOM,GENOMIC,NAFLD,human gut metagenome,ILLUMINA,"AACTTTYRRCAAYGGATCWCT,GCCTCCGCTTATTGATATGCTTAART",2021-02-22T00:00:00Z,2021-02-22T12:20:00Z,1,16S amplicon-seq of NAFLD UKKMD140,SRP307508,Illumina MiSeq (V2 500 cycles) reads from sample UKKMD140 from a subject with non-alcoholic fatty liver disease
SRR13762746,AMPLICON,502,16511784,PRJNA698272,SAMN13895388,"MIMARKS.specimen,MIGS/MIMS/MIMARKS.human-gut",11119008,JCVI,2015-11,public,"fastq,run.zq,sra","gs,ncbi,s3","gs.us-east1,ncbi.public,s3.us-east-1",ENVO:01000248,ENVO:01000249,ENVO:00002003,SRX10149431,Germany,Europe,Germany: Cologne,Homo sapiens,Illumina MiSeq,https://www.thermofisher.com/content/dam/LifeTech/Documents/PDFs/Ion-16S-Metagenomics-Kit-Software-Application-Note.pdf,UKKMD151,50.92 N 6.92 E,UKKMD151its,PAIRED,RANDOM,GENOMIC,NAFLD,human gut metagenome,ILLUMINA,"AACTTTYRRCAAYGGATCWCT,GCCTCCGCTTATTGATATGCTTAART",2021-02-22T00:00:00Z,2021-02-22T12:20:00Z,1,16S amplicon-seq of NAFLD UKKMD151,SRP307508,Illumina MiSeq (V2 500 cycles) reads from sample UKKMD151 from a subject with non-alcoholic fatty liver disease
SRR13762747,AMPLICON,502,17514780,PRJNA698272,SAMN11554419,"MIMARKS.specimen,MIGS/MIMS/MIMARKS.human-gut",12175738,JCVI,2016-09,public,"fastq,run.zq,sra","gs,ncbi,s3","gs.us-east1,ncbi.public,s3.us-east-1",ENVO:01000248,ENVO:01000249,ENVO:00002003,SRX10149432,Germany,Europe,Germany: Cologne,Homo sapiens,Illumina MiSeq,https://www.thermofisher.com/content/dam/LifeTech/Documents/PDFs/Ion-16S-Metagenomics-Kit-Software-Application-Note.pdf,UKKMD044,50.92 N 6.92 E,UKKMD044its,PAIRED,RANDOM,GENOMIC,NAFLD,human gut metagenome,ILLUMINA,"AACTTTYRRCAAYGGATCWCT,GCCTCCGCTTATTGATATGCTTAART",2021-02-22T00:00:00Z,2021-02-22T12:20:00Z,1,UKKMD044,SRP307508,Illumina MiSeq (V2 500 cycles) reads from sample UKKMD044 from a subject with non-alcoholic fatty liver disease
SRR13762748,AMPLICON,502,36947200,PRJNA698272,SAMN13895359,"MIMARKS.specimen,MIGS/MIMS/MIMARKS.human-gut",24494859,JCVI,2015-11,public,"fastq,run.zq,sra","gs,ncbi,s3","gs.us-east1,ncbi.public,s3.us-east-1",ENVO:01000248,ENVO:01000249,ENVO:00002003,SRX10149433,Germany,Europe,Germany: Cologne,Homo sapiens,Illumina MiSeq,https://www.thermofisher.com/content/dam/LifeTech/Documents/PDFs/Ion-16S-Metagenomics-Kit-Software-Application-Note.pdf,UKKMD122,50.92 N 6.92 E,UKKMD122its,PAIRED,RANDOM,GENOMIC,NAFLD,human gut metagenome,ILLUMINA,"AACTTTYRRCAAYGGATCWCT,GCCTCCGCTTATTGATATGCTTAART",2021-02-22T00:00:00Z,2021-02-22T12:20:00Z,1,16S amplicon-seq of NAFLD UKKMD122,SRP307508,Illumina MiSeq (V2 500 cycles) reads from sample UKKMD122 from a subject with non-alcoholic fatty liver disease
SRR13762749,AMPLICON,502,27997544,PRJNA698272,SAMN11554420,"MIMARKS.specimen,MIGS/MIMS/MIMARKS.human-gut",19250692,JCVI,2016-09,public,"fastq,run.zq,sra","gs,ncbi,s3","gs.us-east1,ncbi.public,s3.us-east-1",ENVO:01000248,ENVO:01000249,ENVO:00002003,SRX10149434,Germany,Europe,Germany: Cologne,Homo sapiens,Illumina MiSeq,https://www.thermofisher.com/content/dam/LifeTech/Documents/PDFs/Ion-16S-Metagenomics-Kit-Software-Application-Note.pdf,UKKMD045,50.92 N 6.92 E,UKKMD045its,PAIRED,RANDOM,GENOMIC,NAFLD,human gut metagenome,ILLUMINA,"AACTTTYRRCAAYGGATCWCT,GCCTCCGCTTATTGATATGCTTAART",2021-02-22T00:00:00Z,2021-02-22T12:20:00Z,1,UKKMD045,SRP307508,Illumina MiSeq (V2 500 cycles) reads from sample UKKMD045 from a subject with non-alcoholic fatty liver disease
SRR13762750,AMPLICON,502,21669332,PRJNA698272,SAMN11554455,"MIMARKS.specimen,MIGS/MIMS/MIMARKS.human-gut",14741855,JCVI,2016-09,public,"fastq,run.zq,sra","gs,ncbi,s3","gs.us-east1,ncbi.public,s3.us-east-1",ENVO:01000248,ENVO:01000249,ENVO:00002003,SRX10149435,Germany,Europe,Germany: Cologne,Homo sapiens,Illumina MiSeq,https://www.thermofisher.com/content/dam/LifeTech/Documents/PDFs/Ion-16S-Metagenomics-Kit-Software-Application-Note.pdf,UKKMD080,50.92 N 6.92 E,UKKMD080its,PAIRED,RANDOM,GENOMIC,NAFLD,human gut metagenome,ILLUMINA,"AACTTTYRRCAAYGGATCWCT,GCCTCCGCTTATTGATATGCTTAART",2021-02-22T00:00:00Z,2021-02-22T12:20:00Z,1,UKKMD080,SRP307508,Illumina MiSeq (V2 500 cycles) reads from sample UKKMD080 from a subject with non-alcoholic fatty liver disease
SRR13762751,AMPLICON,502,11557546,PRJNA698272,SAMN13895381,"MIMARKS.specimen,MIGS/MIMS/MIMARKS.human-gut",7879470,JCVI,2015-11,public,"fastq,run.zq,sra","gs,ncbi,s3","gs.us-east1,ncbi.public,s3.us-east-1",ENVO:01000248,ENVO:01000249,ENVO:00002003,SRX10149436,Germany,Europe,Germany: Cologne,Homo sapiens,Illumina MiSeq,https://www.thermofisher.com/content/dam/LifeTech/Documents/PDFs/Ion-16S-Metagenomics-Kit-Software-Application-Note.pdf,UKKMD144,50.92 N 6.92 E,UKKMD144its,PAIRED,RANDOM,GENOMIC,NAFLD,human gut metagenome,ILLUMINA,"AACTTTYRRCAAYGGATCWCT,GCCTCCGCTTATTGATATGCTTAART",2021-02-22T00:00:00Z,2021-02-22T12:20:00Z,1,16S amplicon-seq of NAFLD UKKMD144,SRP307508,Illumina MiSeq (V2 500 cycles) reads from sample UKKMD144 from a subject with non-alcoholic fatty liver disease
SRR13762752,AMPLICON,502,33594342,PRJNA698272,SAMN11554467,"MIMARKS.specimen,MIGS/MIMS/MIMARKS.human-gut",22071631,JCVI,2015-11,public,"fastq,run.zq,sra","gs,ncbi,s3","gs.us-east1,ncbi.public,s3.us-east-1",ENVO:01000248,ENVO:01000249,ENVO:00002003,SRX10149437,Germany,Europe,Germany: Cologne,Homo sapiens,Illumina MiSeq,https://www.thermofisher.com/content/dam/LifeTech/Documents/PDFs/Ion-16S-Metagenomics-Kit-Software-Application-Note.pdf,UKKMD092,50.92 N 6.92 E,UKKMD092its,PAIRED,RANDOM,GENOMIC,NAFLD,human gut metagenome,ILLUMINA,"AACTTTYRRCAAYGGATCWCT,GCCTCCGCTTATTGATATGCTTAART",2021-02-22T00:00:00Z,2021-02-22T12:20:00Z,1,UKKMD092,SRP307508,Illumina MiSeq (V2 500 cycles) reads from sample UKKMD092 from a subject with non-alcoholic fatty liver disease
SRR13762753,AMPLICON,502,12573594,PRJNA698272,SAMN11554482,"MIMARKS.specimen,MIGS/MIMS/MIMARKS.human-gut",8219477,JCVI,2015-11,public,"fastq,run.zq,sra","gs,ncbi,s3","gs.us-east1,ncbi.public,s3.us-east-1",ENVO:01000248,ENVO:01000249,ENVO:00002003,SRX10149438,Germany,Europe,Germany: Cologne,Homo sapiens,Illumina MiSeq,https://www.thermofisher.com/content/dam/LifeTech/Documents/PDFs/Ion-16S-Metagenomics-Kit-Software-Application-Note.pdf,UKKMD107,50.92 N 6.92 E,UKKMD107its,PAIRED,RANDOM,GENOMIC,NAFLD,human gut metagenome,ILLUMINA,"AACTTTYRRCAAYGGATCWCT,GCCTCCGCTTATTGATATGCTTAART",2021-02-22T00:00:00Z,2021-02-22T12:23:00Z,1,UKKMD107,SRP307508,Illumina MiSeq (V2 500 cycles) reads from sample UKKMD107 from a subject with non-alcoholic fatty liver disease
SRR13762754,AMPLICON,502,22182878,PRJNA698272,SAMN14219205,"MIMARKS.specimen,MIGS/MIMS/MIMARKS.human-gut",15681301,JCVI,2015-11,public,"fastq,run.zq,sra","gs,ncbi,s3","gs.us-east1,ncbi.public,s3.us-east-1",ENVO:01000248,ENVO:01000249,ENVO:00002003,SRX10149439,Germany,Europe,Germany: Cologne,Homo sapiens,Illumina MiSeq,https://www.thermofisher.com/content/dam/LifeTech/Documents/PDFs/Ion-16S-Metagenomics-Kit-Software-Application-Note.pdf,UKKDM196,50.92 N 6.92 E,UKKDM196its,PAIRED,RANDOM,GENOMIC,NAFL,human gut metagenome,ILLUMINA,"AACTTTYRRCAAYGGATCWCT,GCCTCCGCTTATTGATATGCTTAART",2021-02-22T00:00:00Z,2021-02-22T12:23:00Z,1,UKKDM196,SRP307508,Illumina MiSeq (V2 500 cycles) reads from sample UKKDM196 from a subject with non-alcoholic fatty liver disease
SRR13762755,AMPLICON,502,18627212,PRJNA698272,SAMN11554465,"MIMARKS.specimen,MIGS/MIMS/MIMARKS.human-gut",12761796,JCVI,2015-11,public,"fastq,run.zq,sra","gs,ncbi,s3","gs.us-east1,ncbi.public,s3.us-east-1",ENVO:01000248,ENVO:01000249,ENVO:00002003,SRX10149440,Germany,Europe,Germany: Cologne,Homo sapiens,Illumina MiSeq,https://www.thermofisher.com/content/dam/LifeTech/Documents/PDFs/Ion-16S-Metagenomics-Kit-Software-Application-Note.pdf,UKKMD090,50.92 N 6.92 E,UKKMD090its,PAIRED,RANDOM,GENOMIC,NAFLD,human gut metagenome,ILLUMINA,"AACTTTYRRCAAYGGATCWCT,GCCTCCGCTTATTGATATGCTTAART",2021-02-22T00:00:00Z,2021-02-22T12:23:00Z,1,UKKMD090,SRP307508,Illumina MiSeq (V2 500 cycles) reads from sample UKKMD090 from a subject with non-alcoholic fatty liver disease
SRR13762756,AMPLICON,502,22994612,PRJNA698272,SAMN13895391,"MIMARKS.specimen,MIGS/MIMS/MIMARKS.human-gut",16316106,JCVI,2015-11,public,"fastq,run.zq,sra","gs,ncbi,s3","gs.us-east1,ncbi.public,s3.us-east-1",ENVO:01000248,ENVO:01000249,ENVO:00002003,SRX10149441,Germany,Europe,Germany: Cologne,Homo sapiens,Illumina MiSeq,https://www.thermofisher.com/content/dam/LifeTech/Documents/PDFs/Ion-16S-Metagenomics-Kit-Software-Application-Note.pdf,UKKMD154,50.92 N 6.92 E,UKKMD154its,PAIRED,RANDOM,GENOMIC,NAFLD,human gut metagenome,ILLUMINA,"AACTTTYRRCAAYGGATCWCT,GCCTCCGCTTATTGATATGCTTAART",2021-02-22T00:00:00Z,2021-02-22T12:23:00Z,1,16S amplicon-seq of NAFLD UKKMD154,SRP307508,Illumina MiSeq (V2 500 cycles) reads from sample UKKMD154 from a subject with non-alcoholic fatty liver disease
SRR13762757,AMPLICON,502,18983130,PRJNA698272,SAMN11554471,"MIMARKS.specimen,MIGS/MIMS/MIMARKS.human-gut",12330326,JCVI,2015-11,public,"fastq,run.zq,sra","gs,ncbi,s3","gs.us-east1,ncbi.public,s3.us-east-1",ENVO:01000248,ENVO:01000249,ENVO:00002003,SRX10149442,Germany,Europe,Germany: Cologne,Homo sapiens,Illumina MiSeq,https://www.thermofisher.com/content/dam/LifeTech/Documents/PDFs/Ion-16S-Metagenomics-Kit-Software-Application-Note.pdf,UKKMD096,50.92 N 6.92 E,UKKMD096its,PAIRED,RANDOM,GENOMIC,NAFLD,human gut metagenome,ILLUMINA,"AACTTTYRRCAAYGGATCWCT,GCCTCCGCTTATTGATATGCTTAART",2021-02-22T00:00:00Z,2021-02-22T12:23:00Z,1,UKKMD096,SRP307508,Illumina MiSeq (V2 500 cycles) reads from sample UKKMD096 from a subject with non-alcoholic fatty liver disease
SRR13762758,AMPLICON,502,11608248,PRJNA698272,SAMN13895383,"MIMARKS.specimen,MIGS/MIMS/MIMARKS.human-gut",8252849,JCVI,2015-11,public,"fastq,run.zq,sra","gs,ncbi,s3","gs.us-east1,ncbi.public,s3.us-east-1",ENVO:01000248,ENVO:01000249,ENVO:00002003,SRX10149443,Germany,Europe,Germany: Cologne,Homo sapiens,Illumina MiSeq,https://www.thermofisher.com/content/dam/LifeTech/Documents/PDFs/Ion-16S-Metagenomics-Kit-Software-Application-Note.pdf,UKKMD146,50.92 N 6.92 E,UKKMD146its,PAIRED,RANDOM,GENOMIC,NAFLD,human gut metagenome,ILLUMINA,"AACTTTYRRCAAYGGATCWCT,GCCTCCGCTTATTGATATGCTTAART",2021-02-22T00:00:00Z,2021-02-22T12:23:00Z,1,16S amplicon-seq of NAFLD UKKMD146,SRP307508,Illumina MiSeq (V2 500 cycles) reads from sample UKKMD146 from a subject with non-alcoholic fatty liver disease
SRR13762759,AMPLICON,502,12965656,PRJNA698272,SAMN13895386,"MIMARKS.specimen,MIGS/MIMS/MIMARKS.human-gut",8606011,JCVI,2015-11,public,"fastq,run.zq,sra","gs,ncbi,s3","gs.us-east1,ncbi.public,s3.us-east-1",ENVO:01000248,ENVO:01000249,ENVO:00002003,SRX10149444,Germany,Europe,Germany: Cologne,Homo sapiens,Illumina MiSeq,https://www.thermofisher.com/content/dam/LifeTech/Documents/PDFs/Ion-16S-Metagenomics-Kit-Software-Application-Note.pdf,UKKMD149,50.92 N 6.92 E,UKKMD149its,PAIRED,RANDOM,GENOMIC,NAFLD,human gut metagenome,ILLUMINA,"AACTTTYRRCAAYGGATCWCT,GCCTCCGCTTATTGATATGCTTAART",2021-02-22T00:00:00Z,2021-02-22T12:23:00Z,1,16S amplicon-seq of NAFLD UKKMD149,SRP307508,Illumina MiSeq (V2 500 cycles) reads from sample UKKMD149 from a subject with non-alcoholic fatty liver disease
SRR13762760,AMPLICON,502,17354642,PRJNA698272,SAMN13895376,"MIMARKS.specimen,MIGS/MIMS/MIMARKS.human-gut",11925893,JCVI,2015-11,public,"fastq,run.zq,sra","gs,ncbi,s3","gs.us-east1,ncbi.public,s3.us-east-1",ENVO:01000248,ENVO:01000249,ENVO:00002003,SRX10149445,Germany,Europe,Germany: Cologne,Homo sapiens,Illumina MiSeq,https://www.thermofisher.com/content/dam/LifeTech/Documents/PDFs/Ion-16S-Metagenomics-Kit-Software-Application-Note.pdf,UKKMD139,50.92 N 6.92 E,UKKMD139its,PAIRED,RANDOM,GENOMIC,NAFLD,human gut metagenome,ILLUMINA,"AACTTTYRRCAAYGGATCWCT,GCCTCCGCTTATTGATATGCTTAART",2021-02-22T00:00:00Z,2021-02-22T12:23:00Z,1,16S amplicon-seq of NAFLD UKKMD139,SRP307508,Illumina MiSeq (V2 500 cycles) reads from sample UKKMD139 from a subject with non-alcoholic fatty liver disease
SRR13762761,AMPLICON,502,38143466,PRJNA698272,SAMN11554473,"MIMARKS.specimen,MIGS/MIMS/MIMARKS.human-gut",25070087,JCVI,2015-11,public,"fastq,run.zq,sra","gs,ncbi,s3","gs.us-east1,ncbi.public,s3.us-east-1",ENVO:01000248,ENVO:01000249,ENVO:00002003,SRX10149446,Germany,Europe,Germany: Cologne,Homo sapiens,Illumina MiSeq,https://www.thermofisher.com/content/dam/LifeTech/Documents/PDFs/Ion-16S-Metagenomics-Kit-Software-Application-Note.pdf,UKKMD098,50.92 N 6.92 E,UKKMD098its,PAIRED,RANDOM,GENOMIC,NAFLD,human gut metagenome,ILLUMINA,"AACTTTYRRCAAYGGATCWCT,GCCTCCGCTTATTGATATGCTTAART",2021-02-22T00:00:00Z,2021-02-22T12:24:00Z,1,UKKMD098,SRP307508,Illumina MiSeq (V2 500 cycles) reads from sample UKKMD098 from a subject with non-alcoholic fatty liver disease
SRR13762762,AMPLICON,502,12377814,PRJNA698272,SAMN13895361,"MIMARKS.specimen,MIGS/MIMS/MIMARKS.human-gut",8343920,JCVI,2015-11,public,"fastq,run.zq,sra","gs,ncbi,s3","gs.us-east1,ncbi.public,s3.us-east-1",ENVO:01000248,ENVO:01000249,ENVO:00002003,SRX10149447,Germany,Europe,Germany: Cologne,Homo sapiens,Illumina MiSeq,https://www.thermofisher.com/content/dam/LifeTech/Documents/PDFs/Ion-16S-Metagenomics-Kit-Software-Application-Note.pdf,UKKMD124,50.92 N 6.92 E,UKKMD124its,PAIRED,RANDOM,GENOMIC,NAFLD,human gut metagenome,ILLUMINA,"AACTTTYRRCAAYGGATCWCT,GCCTCCGCTTATTGATATGCTTAART",2021-02-22T00:00:00Z,2021-02-22T12:23:00Z,1,16S amplicon-seq of NAFLD UKKMD124,SRP307508,Illumina MiSeq (V2 500 cycles) reads from sample UKKMD124 from a subject with non-alcoholic fatty liver disease
SRR13762763,AMPLICON,502,24795788,PRJNA698272,SAMN14219210,"MIMARKS.specimen,MIGS/MIMS/MIMARKS.human-gut",18013094,JCVI,2015-11,public,"fastq,run.zq,sra","gs,ncbi,s3","gs.us-east1,ncbi.public,s3.us-east-1",ENVO:01000248,ENVO:01000249,ENVO:00002003,SRX10149448,Germany,Europe,Germany: Cologne,Homo sapiens,Illumina MiSeq,https://www.thermofisher.com/content/dam/LifeTech/Documents/PDFs/Ion-16S-Metagenomics-Kit-Software-Application-Note.pdf,UKKDM201,50.92 N 6.92 E,UKKDM201its,PAIRED,RANDOM,GENOMIC,NAFL,human gut metagenome,ILLUMINA,"AACTTTYRRCAAYGGATCWCT,GCCTCCGCTTATTGATATGCTTAART",2021-02-22T00:00:00Z,2021-02-22T12:24:00Z,1,UKKDM201,SRP307508,Illumina MiSeq (V2 500 cycles) reads from sample UKKDM201 from a subject with non-alcoholic fatty liver disease
SRR13762764,AMPLICON,502,16286386,PRJNA698272,SAMN11554425,"MIMARKS.specimen,MIGS/MIMS/MIMARKS.human-gut",11575569,JCVI,2015-11,public,"fastq,run.zq,sra","gs,ncbi,s3","gs.us-east1,ncbi.public,s3.us-east-1",ENVO:01000248,ENVO:01000249,ENVO:00002003,SRX10149449,Germany,Europe,Germany: Cologne,Homo sapiens,Illumina MiSeq,https://www.thermofisher.com/content/dam/LifeTech/Documents/PDFs/Ion-16S-Metagenomics-Kit-Software-Application-Note.pdf,UKKMD050,50.92 N 6.92 E,UKKMD050its,PAIRED,RANDOM,GENOMIC,NAFLD,human gut metagenome,ILLUMINA,"AACTTTYRRCAAYGGATCWCT,GCCTCCGCTTATTGATATGCTTAART",2021-02-22T00:00:00Z,2021-02-22T12:23:00Z,1,UKKMD050,SRP307508,Illumina MiSeq (V2 500 cycles) reads from sample UKKMD050 from a subject with non-alcoholic fatty liver disease
SRR13762765,AMPLICON,502,28880060,PRJNA698272,SAMN13895392,"MIMARKS.specimen,MIGS/MIMS/MIMARKS.human-gut",20076173,JCVI,2015-11,public,"fastq,run.zq,sra","gs,ncbi,s3","gs.us-east1,ncbi.public,s3.us-east-1",ENVO:01000248,ENVO:01000249,ENVO:00002003,SRX10149450,Germany,Europe,Germany: Cologne,Homo sapiens,Illumina MiSeq,https://www.thermofisher.com/content/dam/LifeTech/Documents/PDFs/Ion-16S-Metagenomics-Kit-Software-Application-Note.pdf,UKKMD155,50.92 N 6.92 E,UKKMD155its,PAIRED,RANDOM,GENOMIC,NAFLD,human gut metagenome,ILLUMINA,"AACTTTYRRCAAYGGATCWCT,GCCTCCGCTTATTGATATGCTTAART",2021-02-22T00:00:00Z,2021-02-22T12:23:00Z,1,16S amplicon-seq of NAFLD UKKMD155,SRP307508,Illumina MiSeq (V2 500 cycles) reads from sample UKKMD155 from a subject with non-alcoholic fatty liver disease
SRR13762766,AMPLICON,502,23702934,PRJNA698272,SAMN11554456,"MIMARKS.specimen,MIGS/MIMS/MIMARKS.human-gut",16306777,JCVI,2016-09,public,"fastq,run.zq,sra","gs,ncbi,s3","gs.us-east1,ncbi.public,s3.us-east-1",ENVO:01000248,ENVO:01000249,ENVO:00002003,SRX10149451,Germany,Europe,Germany: Cologne,Homo sapiens,Illumina MiSeq,https://www.thermofisher.com/content/dam/LifeTech/Documents/PDFs/Ion-16S-Metagenomics-Kit-Software-Application-Note.pdf,UKKMD081,50.92 N 6.92 E,UKKMD081its,PAIRED,RANDOM,GENOMIC,NAFLD,human gut metagenome,ILLUMINA,"AACTTTYRRCAAYGGATCWCT,GCCTCCGCTTATTGATATGCTTAART",2021-02-22T00:00:00Z,2021-02-22T12:23:00Z,1,UKKMD081,SRP307508,Illumina MiSeq (V2 500 cycles) reads from sample UKKMD081 from a subject with non-alcoholic fatty liver disease
SRR13762767,AMPLICON,502,10220720,PRJNA698272,SAMN13895396,"MIMARKS.specimen,MIGS/MIMS/MIMARKS.human-gut",7297055,JCVI,2015-11,public,"fastq,run.zq,sra","gs,ncbi,s3","gs.us-east1,ncbi.public,s3.us-east-1",ENVO:01000248,ENVO:01000249,ENVO:00002003,SRX10149452,Germany,Europe,Germany: Cologne,Homo sapiens,Illumina MiSeq,https://www.thermofisher.com/content/dam/LifeTech/Documents/PDFs/Ion-16S-Metagenomics-Kit-Software-Application-Note.pdf,UKKMD159,50.92 N 6.92 E,UKKMD159its,PAIRED,RANDOM,GENOMIC,NAFLD,human gut metagenome,ILLUMINA,"AACTTTYRRCAAYGGATCWCT,GCCTCCGCTTATTGATATGCTTAART",2021-02-22T00:00:00Z,2021-02-22T12:23:00Z,1,16S amplicon-seq of NAFLD UKKMD159,SRP307508,Illumina MiSeq (V2 500 cycles) reads from sample UKKMD159 from a subject with non-alcoholic fatty liver disease
SRR13762768,AMPLICON,502,14168448,PRJNA698272,SAMN11554418,"MIMARKS.specimen,MIGS/MIMS/MIMARKS.human-gut",9842539,JCVI,2016-09,public,"fastq,run.zq,sra","gs,ncbi,s3","gs.us-east1,ncbi.public,s3.us-east-1",ENVO:01000248,ENVO:01000249,ENVO:00002003,SRX10149453,Germany,Europe,Germany: Cologne,Homo sapiens,Illumina MiSeq,https://www.thermofisher.com/content/dam/LifeTech/Documents/PDFs/Ion-16S-Metagenomics-Kit-Software-Application-Note.pdf,UKKMD043,50.92 N 6.92 E,UKKMD043its,PAIRED,RANDOM,GENOMIC,NAFLD,human gut metagenome,ILLUMINA,"AACTTTYRRCAAYGGATCWCT,GCCTCCGCTTATTGATATGCTTAART",2021-02-22T00:00:00Z,2021-02-22T12:24:00Z,1,UKKMD043,SRP307508,Illumina MiSeq (V2 500 cycles) reads from sample UKKMD043 from a subject with non-alcoholic fatty liver disease
